transaction_amount,transactions_last_24h,account_age_days,distance_from_home_km,is_foreign_transaction,is_high_risk_country,fraud
56.31,3,1208,29.88,0,0,0
361.21,4,471,6.97,0,0,1
158.01,1,1340,3.51,0,0,1
109.55,2,1621,22.38,0,0,1
20.35,4,254,8.51,0,0,1
20.35,4,131,3.2,0,1,1
7.18,4,194,35.22,0,0,1
241.35,3,41,3.31,0,0,1
110.29,3,1007,0.39,0,0,0
147.75,1,1996,0.31,0,0,0
2.5,4,771,14.61,0,0,0
420.43,2,578,16.26,0,0,1
214.37,2,319,5.59,0,0,1
28.64,2,1405,5.79,0,0,0
24.08,6,1689,6.22,0,0,1
24.31,1,839,17.1,0,1,1
43.53,2,1629,0.9,0,0,0
89.27,2,1001,39.7,0,0,0
67.86,2,1089,3.78,1,0,1
41.31,5,800,120.39,0,0,1
113.56,3,1306,2.82,0,0,0
18.03,1,473,22.15,0,0,1
41.46,3,687,3.79,0,0,0
54.75,5,1489,1.26,0,0,0
73.07,4,988,31.18,0,0,0
184.55,4,679,29.36,0,0,1
26.73,5,1282,7.75,1,0,1
86.64,2,707,18.18,1,0,1
107.7,3,1003,12.22,0,0,0
5.71,2,87,28.76,1,0,0
112.24,8,543,5.68,0,0,1
22.44,3,117,11.12,0,0,0
8.07,4,1306,9.96,0,0,0
356.84,5,773,6.55,0,0,1
404.48,4,24,33.31,0,0,0
198.28,3,379,2.72,0,0,0
43.59,3,1337,2.43,0,0,0
12.33,1,1705,12.9,0,0,1
138.33,4,214,16.07,0,0,0
69.61,4,1146,3.25,0,0,0
15.62,3,1713,7.43,0,1,1
82.03,2,874,43.94,1,0,0
4.2,5,1286,4.25,0,0,0
288.05,1,450,16.56,0,0,0
35.93,7,1219,20.21,1,0,1
130.35,3,868,8.92,0,0,0
44.83,4,236,41.6,0,0,1
88.09,2,537,20.01,0,0,0
94.95,0,1701,9.19,0,0,1
24.53,4,363,12.64,0,0,0
419.14,3,632,17.69,0,0,0
179.07,4,1034,13.45,0,0,1
336.61,3,1586,31.64,0,1,0
270.26,1,1593,6.62,1,0,0
109.33,0,936,5.35,0,0,1
305.93,3,1453,3.61,1,0,1
11.12,2,1653,0.58,1,0,1
26.18,6,1194,0.66,0,0,1
5.55,2,170,30.61,0,0,0
47.22,4,880,17.02,0,0,0
59.06,3,1161,16.21,1,1,1
37.99,7,1755,14.3,0,0,0
211.75,5,1184,28.38,0,0,1
52.95,4,453,9.82,0,0,1
39.58,1,1800,30.65,0,0,0
93.89,6,1504,6.68,1,0,1
18.23,1,472,39.2,0,0,0
194.46,2,1763,17.99,1,0,0
9.3,1,1063,4.46,0,0,0
520.1,3,482,12.45,0,0,1
177.54,2,566,11.42,1,0,0
26.58,1,89,2.23,0,0,0
0.66,0,1072,13.42,1,0,0
202.79,1,249,5.67,0,0,1
147.25,1,566,0.81,0,0,0
156.68,5,599,44.54,0,0,0
177.03,2,1370,15.39,1,0,1
9.23,6,1941,31.42,1,0,1
53.27,2,1894,16.91,0,0,0
14.78,5,1833,6.62,0,0,0
238.62,2,1985,10.78,0,0,0
117.16,1,1313,16.89,0,0,0
48.22,1,1149,48.38,0,1,0
7.88,2,278,4.39,0,0,1
44.7,3,1949,31.19,1,0,1
47.2,2,344,38.67,0,0,0
156.95,1,321,16.65,0,0,1
121.79,5,1086,40.16,0,0,1
261.87,5,1101,7.61,0,0,0
76.69,2,703,45.87,1,0,0
15.28,1,43,18.2,0,0,1
149.9,3,1829,0.64,1,0,1
171.65,0,1851,35.61,1,0,1
98.87,2,395,9.94,0,0,1
176.87,6,258,9.25,0,0,0
81.7,7,1144,12.54,0,0,1
88.76,3,1127,2.43,0,0,0
66.94,3,1443,9.5,0,0,0
3.09,3,1212,26.68,0,0,0
13.7,1,1080,0.23,0,0,1
3.83,3,803,4.78,0,0,0
121.41,4,861,0.04,0,1,1
45.29,4,883,8.06,0,0,1
85.25,1,1637,19.55,0,1,0
285.75,3,385,24.05,0,0,1
34.41,0,733,43.56,0,0,0
63.39,2,1620,14.07,0,0,1
169.05,4,1923,4.41,0,0,1
31.18,6,211,38.68,0,0,0
9.61,3,454,22.4,0,0,0
41.06,2,1952,12.81,0,0,0
21.1,4,1966,17.84,0,0,0
318.59,2,306,38.72,1,0,1
198.11,4,1341,18.69,0,0,0
120.42,2,1756,6.89,0,0,1
246.18,6,502,18.73,0,0,1
195.36,2,347,0.62,0,0,1
24.78,0,1978,7.33,0,0,0
267.7,5,932,7.82,1,0,1
93.01,3,1679,2.74,0,0,1
197.68,2,1875,0.35,1,0,0
271.71,5,1099,2.15,0,0,1
45.93,4,801,15.95,1,0,1
13.99,4,1455,24.31,0,0,1
31.04,7,1573,66.6,0,0,0
66.85,2,1957,6.38,0,0,1
204.46,2,1662,13.72,0,0,1
236.56,5,1526,41.5,0,0,0
0.84,4,1915,2.74,0,0,0
85.79,3,971,18.97,0,0,1
64.83,2,326,21.1,0,0,1
30.14,4,951,1.4,0,0,0
15.32,4,1870,29.63,0,0,0
49.43,5,635,25.16,1,0,1
343.57,1,84,0.51,0,0,0
46.85,2,1747,1.43,0,0,0
87.77,1,948,0.76,0,0,0
145.69,4,68,6.11,0,0,0
54.24,1,395,10.68,1,0,0
428.14,3,24,11.4,0,1,1
393.84,1,1264,4.67,0,1,1
34.81,2,1650,36.39,1,0,0
82.52,5,1710,6.89,0,0,0
42.95,4,208,0.7,0,0,1
40.23,3,1949,5.35,1,1,1
4.51,3,1387,11.36,0,0,1
112.86,5,44,7.87,0,0,1
83.82,3,171,4.8,0,0,1
6.34,2,1790,2.11,0,0,0
39.2,1,991,25.65,1,0,0
286.66,2,808,83.38,0,0,1
32.86,1,904,6.0,0,0,0
18.78,2,480,7.21,0,0,1
80.67,1,540,14.44,0,0,0
509.28,3,1997,19.01,0,0,1
33.26,3,801,7.46,0,0,0
133.82,6,861,35.3,0,0,0
172.07,5,1456,12.31,1,0,1
32.56,6,357,8.98,0,0,1
156.33,1,703,15.61,0,0,0
55.02,2,944,45.8,0,0,1
120.06,4,922,23.74,0,0,0
120.46,2,156,0.61,0,0,0
92.09,1,1407,6.06,0,0,1
11.36,4,1721,9.54,1,0,0
216.44,4,684,5.66,1,0,0
46.42,1,1449,18.07,0,0,0
24.77,4,696,26.25,0,0,1
5.0,3,1527,19.71,0,0,1
107.25,1,1592,68.11,0,0,1
135.82,2,1289,4.77,0,0,0
2.01,1,969,31.19,0,0,0
86.12,2,695,21.83,0,0,0
30.82,2,1136,6.75,0,0,1
124.33,3,130,19.87,0,0,1
22.99,4,428,1.65,0,0,0
140.91,4,359,23.36,0,0,0
58.68,0,1690,11.4,1,0,0
331.24,3,51,5.19,1,0,1
17.75,0,1400,16.0,0,0,0
50.06,3,38,15.39,0,0,0
14.45,1,975,3.53,0,0,0
310.34,4,1925,0.46,0,1,1
251.8,5,794,8.53,0,0,0
35.8,1,23,12.64,0,0,0
129.45,3,929,31.39,0,0,1
203.94,3,1986,39.51,0,0,1
97.22,3,827,11.29,0,0,1
90.51,2,834,21.02,1,0,1
33.23,3,1518,8.68,0,0,1
11.73,3,1222,20.56,0,0,1
273.01,4,881,3.44,0,0,1
276.81,3,304,6.96,0,0,1
120.32,1,1216,15.09,0,0,0
49.69,2,873,0.27,0,0,0
51.55,4,557,19.23,0,0,0
155.34,1,1915,27.08,0,0,1
272.89,4,1070,7.64,0,0,1
261.74,2,1017,8.91,0,0,1
181.63,1,1047,28.59,0,0,0
123.28,5,1956,22.42,0,0,0
10.55,6,644,5.1,0,1,1
21.16,1,604,5.87,0,1,0
274.59,7,1192,17.04,0,0,1
111.9,4,1527,12.42,0,0,0
1.11,3,1362,2.66,1,0,0
12.84,3,623,5.56,1,0,1
130.7,0,1882,34.54,0,0,0
0.61,3,1116,17.48,1,0,0
21.04,3,1589,64.0,0,0,0
95.48,1,1613,21.85,1,0,0
141.28,0,1593,42.7,0,1,0
126.65,2,1602,3.65,0,0,0
30.47,4,1620,22.14,0,0,0
149.45,6,1055,0.31,0,0,0
32.5,3,1165,16.66,0,1,0
47.24,3,474,9.5,1,0,0
164.68,2,1489,6.39,0,0,1
125.85,1,1335,29.75,0,1,1
227.03,0,964,28.89,0,0,1
128.62,2,939,0.34,0,0,0
100.81,6,1300,14.11,0,0,1
11.8,6,808,6.88,0,1,0
55.01,3,404,8.06,0,0,0
36.98,3,1153,26.76,0,0,0
33.56,2,255,5.56,0,0,1
433.48,5,577,42.98,0,0,0
59.93,3,47,2.97,0,0,0
267.13,2,254,16.3,1,0,1
119.68,2,30,16.73,0,0,1
190.06,2,1143,4.36,0,0,0
83.81,3,1639,5.89,0,0,0
103.22,1,403,27.01,0,0,0
81.4,6,1443,21.52,0,0,0
26.07,4,996,5.99,0,0,0
153.81,6,1681,11.45,0,0,0
39.55,2,1776,0.95,0,0,0
2.95,5,17,3.51,0,0,0
124.44,2,1477,9.98,0,0,0
23.39,3,337,1.35,0,0,1
338.53,6,1920,27.8,0,0,1
369.31,6,299,18.99,0,0,1
295.62,5,1796,43.14,0,0,1
55.47,4,520,17.74,0,0,1
1.87,3,921,42.3,0,1,1
316.26,1,370,12.13,0,0,0
67.07,4,1942,13.75,0,0,0
408.1,3,1632,56.57,0,0,1
397.65,4,725,15.41,0,0,0
230.09,2,228,0.47,0,0,0
41.85,2,415,19.3,0,0,0
58.36,4,762,35.38,0,0,0
228.57,4,932,23.81,0,0,1
45.74,1,841,13.15,0,0,1
22.29,2,1803,16.69,0,0,1
97.65,4,1654,69.37,0,0,1
330.16,2,1801,1.43,0,0,1
142.9,3,803,16.51,1,0,0
101.29,5,1253,5.0,1,0,1
12.27,2,604,15.33,1,0,1
114.54,2,116,14.03,0,1,1
553.27,2,590,2.5,0,0,1
18.11,2,618,3.47,0,0,1
87.66,4,1757,14.58,0,0,0
251.83,2,1319,2.06,0,0,1
162.0,2,1782,4.62,0,0,1
143.29,3,17,27.05,1,0,1
145.47,2,815,5.94,0,1,1
53.46,2,198,10.04,0,0,1
41.71,2,90,42.49,0,0,0
198.88,5,117,3.87,0,0,1
199.36,4,1354,7.41,0,0,0
242.15,4,1612,13.99,0,0,1
293.35,4,695,21.12,0,0,1
85.93,4,355,34.79,0,0,1
83.54,4,1896,37.06,1,0,0
192.11,0,337,22.48,0,0,1
125.97,1,564,3.89,0,0,1
145.27,4,1732,0.38,0,0,0
190.63,1,311,7.26,1,0,0
264.88,4,209,2.29,0,1,1
49.5,1,902,18.59,0,0,1
56.51,2,1452,16.23,0,0,0
11.84,2,1072,0.67,1,0,1
103.61,1,1765,27.17,0,0,0
4.39,4,316,4.29,0,0,1
75.19,7,1037,8.49,0,0,1
93.88,3,1666,16.54,0,0,0
40.52,4,1881,8.42,0,0,0
107.24,5,1110,8.73,0,0,1
3.72,3,477,1.02,0,0,1
4.57,2,188,7.7,1,1,1
207.52,3,654,21.71,0,1,0
53.59,2,1856,37.01,1,1,1
16.31,2,1774,8.0,0,0,0
88.64,4,285,8.26,0,0,1
176.36,1,1185,18.19,0,0,0
29.17,5,1197,42.91,0,0,0
117.03,2,1323,4.66,0,0,0
10.71,3,1411,8.7,0,0,1
6.37,6,630,23.84,0,0,0
90.95,3,647,14.11,0,0,0
93.35,3,1785,1.76,0,1,0
121.74,7,1343,14.82,0,0,0
155.4,3,939,3.1,0,0,0
446.83,1,1946,10.71,1,0,1
87.15,0,1422,11.3,0,0,1
46.8,3,1890,31.34,0,0,0
190.28,1,1691,9.31,1,0,0
37.9,2,1797,4.92,1,0,0
69.36,1,192,3.94,0,1,1
9.8,3,1854,31.1,0,0,0
3.08,1,1339,2.81,0,0,1
394.49,2,81,8.32,0,1,1
216.93,4,1252,3.11,0,0,1
142.88,3,728,22.26,0,0,0
63.1,4,1206,9.65,0,0,1
22.84,2,1686,6.49,0,0,0
20.41,2,1305,6.72,0,0,0
34.56,3,735,28.68,0,0,0
95.61,1,1501,12.1,0,0,1
150.46,2,278,18.98,0,0,1
129.53,4,1053,34.1,0,0,1
39.41,6,587,34.8,0,0,1
371.77,4,1004,5.97,0,0,1
160.68,1,824,45.69,0,1,0
96.99,4,1536,0.38,0,0,1
113.52,4,156,7.09,0,0,0
65.28,1,1462,33.92,0,0,0
34.16,5,1198,4.82,0,0,0
52.8,2,899,4.78,0,0,0
170.18,1,319,5.41,0,0,1
1.74,4,527,14.21,0,0,0
14.81,3,23,8.65,0,0,1
5.65,3,141,19.46,0,0,0
4.99,6,1887,33.79,1,0,1
232.1,4,764,16.82,0,0,1
145.95,9,448,3.43,0,0,1
77.13,3,752,40.47,1,0,1
12.35,2,749,4.61,1,0,1
81.18,3,1707,2.44,0,0,0
76.97,2,804,1.41,0,0,0
22.82,5,272,12.43,0,0,1
68.27,4,652,1.81,0,0,1
61.0,3,1976,2.24,0,0,1
114.81,5,1258,5.35,0,0,1
120.97,3,267,4.96,0,0,1
5.56,1,1267,13.9,0,0,0
56.33,3,1369,25.45,0,0,1
117.97,7,418,21.49,1,1,1
83.93,3,1861,4.57,0,1,1
232.96,2,984,4.22,0,0,1
129.0,5,1057,50.63,0,1,1
21.34,2,280,0.12,0,0,0
8.78,4,1128,31.77,0,0,1
123.41,1,151,3.34,1,0,1
3.22,3,1727,44.14,1,0,0
105.76,8,1751,6.29,0,0,1
338.07,3,911,8.71,0,0,0
102.81,5,983,18.42,0,1,1
58.96,6,1114,13.29,0,0,1
123.7,5,283,5.74,0,0,0
73.55,4,285,12.11,0,0,1
94.66,3,1916,19.68,0,0,0
340.58,4,1991,0.65,0,0,0
58.55,0,474,0.17,0,0,0
389.89,8,1241,9.19,1,1,1
282.91,2,1329,2.12,0,0,0
26.15,4,1072,16.38,0,0,0
8.63,0,1981,3.61,0,0,0
12.75,1,297,8.51,0,1,1
2.21,7,1157,3.3,0,0,0
11.9,4,885,11.93,0,0,1
137.86,5,1316,1.85,0,0,1
8.86,1,887,0.35,0,0,0
46.1,5,189,0.79,0,0,1
223.62,1,1130,46.27,0,0,1
2.83,2,1224,2.3,1,1,0
202.14,1,1107,18.49,1,0,1
39.73,4,456,1.06,0,0,1
15.09,3,794,1.72,0,1,1
143.18,1,1530,10.67,0,0,0
118.97,3,570,9.38,0,0,0
251.93,2,493,45.42,0,0,1
159.4,2,858,43.46,0,0,1
195.24,1,731,22.69,0,0,0
39.76,3,125,13.82,0,0,1
23.44,2,544,9.1,0,0,0
166.65,3,1131,6.61,1,0,0
197.31,3,1361,44.09,0,0,1
558.84,5,1942,13.85,0,0,1
63.85,6,416,12.98,0,0,1
55.83,3,1346,3.96,0,0,0
179.75,5,1735,0.72,0,0,1
50.01,2,703,43.56,0,0,0
320.42,2,1181,5.65,0,0,0
234.58,4,1375,8.77,0,0,1
67.24,3,504,1.83,0,0,1
166.77,2,957,27.2,0,1,0
168.56,1,32,0.42,1,0,1
13.06,5,1138,26.94,0,0,0
279.41,3,1708,2.27,0,1,1
84.44,4,1612,32.65,0,0,1
210.16,1,1835,19.63,1,0,0
46.29,3,1834,2.7,0,0,1
271.05,4,567,12.51,0,0,0
59.16,2,1626,5.62,1,0,1
1.31,2,950,2.94,0,0,1
282.95,2,1692,29.4,0,0,1
11.49,4,1255,7.75,0,0,1
46.16,5,864,7.63,0,0,0
359.64,2,1048,2.79,0,0,0
360.95,2,900,7.24,0,0,0
102.24,4,1666,30.79,0,0,1
119.91,0,87,6.77,0,0,1
71.4,3,1355,45.42,0,0,0
41.64,0,816,43.87,0,0,1
47.82,2,1274,2.35,0,0,0
133.96,2,1051,2.93,0,0,0
167.5,1,777,29.78,0,0,1
188.18,4,463,7.48,1,0,0
187.06,5,1476,0.07,0,0,0
11.48,1,937,4.8,1,0,0
81.85,4,286,13.66,0,1,1
7.11,0,1457,24.09,0,0,1
95.7,6,1509,2.15,0,0,1
69.91,5,1060,1.76,0,0,1
262.39,1,523,38.28,1,1,1
51.86,5,1898,20.86,1,0,0
14.94,1,473,13.37,0,0,0
18.52,4,816,21.99,0,0,0
172.01,2,833,8.4,0,0,1
115.55,1,372,21.31,0,0,0
12.79,3,1416,6.97,0,0,1
10.54,3,760,4.2,0,0,0
144.87,6,534,19.59,0,0,0
9.07,0,1415,8.16,0,0,0
207.02,3,1217,59.75,0,0,0
147.0,5,1227,6.45,0,0,0
10.18,1,1495,38.21,0,0,1
10.64,3,65,40.54,1,0,1
517.86,4,1263,4.15,0,0,1
56.26,2,498,24.01,0,0,1
55.57,3,1061,8.51,0,0,0
201.07,7,1865,37.43,0,0,1
353.06,1,1616,8.97,0,0,0
512.25,3,731,20.46,1,0,1
167.99,3,1993,9.44,1,0,1
56.64,1,1217,3.88,0,0,0
10.46,1,1458,3.33,0,0,1
180.15,2,1408,8.31,0,0,0
98.08,2,1901,21.13,0,0,0
66.24,6,50,13.94,0,0,1
284.19,1,1517,17.5,0,0,1
14.15,3,1013,4.98,0,1,1
81.42,3,269,9.85,0,0,0
1.37,4,450,0.68,0,0,0
75.88,2,935,25.52,0,0,1
6.95,3,865,68.92,0,0,0
15.18,4,93,7.84,0,0,1
15.0,2,55,0.17,0,0,0
125.71,3,449,2.79,0,0,0
164.47,2,1704,15.86,0,0,0
105.07,4,1889,14.2,1,0,0
392.97,1,1552,23.26,0,1,1
56.38,3,995,4.39,0,0,0
40.38,5,1878,21.64,0,0,0
243.54,2,1471,17.47,0,0,0
30.37,4,145,5.85,0,0,1
396.34,2,1216,11.83,0,0,0
1.47,1,1742,2.39,1,0,0
420.3,3,1205,9.04,0,0,0
5.29,4,918,31.95,0,0,1
266.13,7,870,8.2,0,0,0
90.02,4,797,27.45,0,1,0
594.82,6,599,13.38,0,0,1
9.2,4,1961,3.2,0,0,1
96.85,1,965,13.05,1,0,1
418.03,1,699,10.58,0,0,1
88.85,7,548,7.63,0,0,1
119.12,4,1153,1.91,0,0,1
142.79,3,1314,8.09,0,0,1
72.74,3,1341,1.13,0,0,1
118.52,3,717,1.56,0,0,1
105.34,3,1310,8.07,1,0,1
277.71,1,1563,5.47,0,0,0
5.58,1,304,38.96,0,0,0
39.58,3,1816,7.07,1,0,1
360.48,0,62,21.27,1,0,1
265.16,3,815,11.33,0,0,1
72.98,3,1465,18.27,1,0,0
116.15,0,61,4.52,0,0,1
38.98,2,737,42.69,0,0,1
25.01,1,81,11.33,0,0,0
74.77,2,37,26.7,1,1,1
52.31,4,478,6.81,0,0,1
105.15,4,1945,1.58,0,0,1
9.71,1,773,16.8,0,0,1
439.8,3,895,0.12,0,0,0
514.06,3,921,9.67,0,0,1
143.74,2,556,3.21,0,0,0
92.17,2,1434,14.81,1,1,0
44.45,3,210,58.25,0,0,0
201.71,2,1794,9.37,0,0,1
138.52,3,1644,25.51,0,0,1
21.3,2,829,10.63,1,0,1
290.2,1,1499,10.27,0,0,1
207.48,0,1685,39.98,0,0,0
359.01,3,1628,33.1,1,0,1
155.23,4,569,23.11,0,0,0
114.05,4,1823,5.27,0,0,0
65.0,3,388,11.81,0,0,0
323.88,3,1793,3.8,1,0,0
241.25,6,1928,8.8,0,0,1
5.55,4,1210,9.93,0,0,1
3.21,4,1085,26.72,1,0,1
56.68,5,88,33.95,0,0,1
199.64,1,1418,8.03,0,0,0
523.71,4,843,0.27,0,0,1
19.56,2,1609,29.68,0,0,0
108.21,4,1041,2.87,0,0,0
57.54,5,1247,14.59,0,0,1
420.45,2,34,0.38,1,1,1
221.51,4,459,7.65,0,0,1
218.66,1,777,63.99,0,0,1
75.89,2,764,1.59,0,0,0
64.3,4,1490,8.27,0,0,0
38.33,1,1494,5.5,0,0,0
6.96,1,207,35.32,1,0,1
240.05,0,1127,30.53,0,0,1
201.13,3,1752,4.07,1,0,1
980.69,3,1980,1.27,0,0,1
683.38,4,446,14.8,0,0,1
97.28,2,1560,6.15,0,0,1
175.83,3,699,16.72,0,0,1
347.54,6,1411,0.49,0,0,1
227.37,2,596,2.15,0,0,1
34.1,2,113,17.39,0,0,1
71.86,2,1839,3.58,0,0,0
16.6,4,1713,29.24,0,0,0
369.63,1,1995,0.91,0,0,0
111.82,4,636,3.64,0,0,1
31.15,3,1072,98.15,0,0,1
133.66,3,467,8.51,0,0,1
115.52,5,373,18.21,0,0,1
53.21,3,1818,3.03,0,0,1
14.46,1,144,14.12,0,0,1
133.61,1,383,19.43,0,0,0
88.15,3,1265,5.66,0,1,0
177.58,5,48,26.48,1,0,1
88.12,4,1997,13.87,0,0,0
229.41,2,1836,7.39,0,0,0
96.33,7,828,12.23,0,0,0
98.77,0,56,12.9,0,0,1
251.13,4,45,2.71,0,0,0
62.0,2,1865,7.73,1,0,1
17.27,3,104,6.31,0,0,1
3.5,1,994,7.68,0,0,0
168.85,3,1394,21.48,0,0,0
116.21,1,1558,9.88,0,0,0
146.12,3,1179,42.28,1,0,0
28.74,6,1950,5.22,0,0,1
17.59,3,377,8.06,0,0,0
1.76,2,74,23.19,0,0,1
51.8,1,1261,11.85,0,0,1
106.97,4,763,11.88,0,0,1
59.76,4,1553,0.82,1,0,1
69.04,3,825,7.63,0,0,0
281.41,1,1886,4.74,0,0,1
51.37,4,1588,109.74,0,0,0
86.58,2,765,5.53,0,1,1
183.7,4,190,32.38,0,0,1
60.61,1,1534,16.92,0,0,0
116.77,5,606,6.25,0,1,1
237.98,3,1188,11.76,0,0,0
358.34,1,796,27.54,1,0,1
19.09,2,1568,32.23,0,0,0
313.4,1,636,2.62,0,0,0
81.3,5,1851,6.22,0,0,1
35.85,1,1468,6.12,0,0,0
73.75,3,1844,0.64,0,0,1
469.64,2,1132,13.68,1,0,1
81.42,3,625,28.95,0,0,1
47.83,2,1405,7.21,0,0,0
120.42,5,1596,20.21,0,0,0
32.96,4,1395,14.82,0,0,0
9.47,5,121,7.07,0,0,0
16.56,2,462,2.28,1,0,1
16.44,3,765,18.53,0,0,0
19.77,2,1202,28.92,0,0,0
17.94,1,593,17.37,0,0,0
122.89,3,148,0.27,0,1,1
24.09,1,1881,3.65,0,0,0
50.9,7,240,1.08,1,0,0
272.52,6,1272,12.67,0,0,1
77.09,3,993,21.19,1,0,1
132.15,4,262,1.76,0,0,0
22.7,1,1469,27.33,0,0,0
25.63,1,1952,12.16,0,0,0
5.01,2,570,17.57,0,0,0
22.21,3,1455,53.32,1,0,0
39.19,3,1336,1.31,0,0,1
23.38,1,81,34.72,0,1,1
11.15,4,1296,2.02,0,0,0
15.43,1,1867,7.49,0,0,0
74.12,3,231,28.6,0,1,0
27.73,3,1110,35.51,0,0,1
54.36,1,71,10.59,0,0,0
84.0,2,1504,13.52,0,0,0
140.69,4,1190,18.47,0,0,1
4.81,2,815,26.82,0,0,0
192.78,0,134,1.94,1,0,0
118.63,4,750,24.92,0,0,0
10.24,0,1885,9.85,1,0,0
248.18,2,170,8.98,0,0,1
304.4,5,550,8.27,0,0,0
7.56,1,635,10.68,0,0,0
38.9,5,1624,43.52,0,0,0
196.91,4,1568,11.92,1,0,0
165.52,4,115,45.92,0,0,1
24.48,3,1164,2.98,0,0,1
28.19,6,1390,19.32,0,0,1
55.53,2,1718,25.09,0,0,0
79.52,4,785,17.05,0,0,0
115.56,2,1887,14.01,0,0,0
55.24,5,1918,12.48,0,0,1
74.51,3,1830,29.59,0,1,1
165.15,3,11,25.86,0,0,1
4.48,3,242,1.96,0,1,0
34.91,1,378,28.32,0,1,0
149.94,3,1284,8.02,0,0,0
270.69,6,955,4.39,0,0,1
86.01,3,1866,30.58,0,0,0
91.14,1,1141,8.49,0,0,1
13.6,3,1309,24.78,0,0,0
71.18,3,189,4.59,0,0,0
91.27,2,1758,0.06,0,0,0
33.32,3,302,10.26,0,0,0
37.64,0,593,1.58,1,0,0
56.84,8,804,21.06,1,0,0
2.43,1,184,4.85,0,0,0
46.65,1,132,8.8,0,0,0
28.51,3,236,1.37,1,0,1
47.61,2,1935,5.07,0,0,1
15.31,2,453,22.81,0,0,1
265.45,3,1846,2.47,0,0,0
108.05,4,437,15.63,0,0,1
136.4,3,1116,37.41,0,0,1
186.81,7,774,17.08,1,0,1
82.8,3,1691,24.99,0,0,0
10.91,3,641,1.73,0,1,1
92.43,3,74,4.33,0,0,1
106.07,5,1314,33.74,0,0,1
164.19,5,1828,18.83,0,0,0
67.8,4,1424,15.31,0,0,1
16.38,4,437,16.35,0,0,1
40.05,2,627,8.02,1,0,0
54.13,6,934,0.68,0,0,0
124.59,3,821,23.02,0,0,1
101.49,2,116,17.03,0,0,0
52.82,6,1581,9.6,0,0,1
516.74,4,668,34.5,0,0,1
111.7,3,1295,6.15,1,0,1
32.5,3,1954,5.23,1,0,1
12.88,6,1192,30.93,0,0,0
19.91,4,274,23.92,0,0,0
33.88,2,1501,10.85,0,0,1
21.02,1,1235,2.1,0,0,1
24.78,3,1966,3.63,0,0,0
40.27,4,164,16.02,1,0,0
22.85,5,1046,7.29,0,0,1
272.49,6,1330,27.16,0,1,1
10.04,2,905,44.92,0,0,1
89.21,4,1867,24.57,0,0,0
63.4,4,1531,7.11,0,0,1
484.64,0,1630,23.32,0,0,1
14.26,4,1002,6.5,0,0,1
60.87,5,1825,2.74,0,0,0
418.69,2,254,0.51,0,0,1
240.75,5,1333,7.31,0,0,1
203.84,4,1395,35.08,0,0,1
35.79,5,1387,4.1,1,0,1
22.49,2,1861,3.47,0,0,0
132.55,2,1554,52.51,0,0,1
318.05,0,395,0.38,0,0,0
97.64,4,768,23.11,0,0,1
101.73,1,1345,5.82,0,0,1
39.42,2,423,0.57,0,0,0
176.1,3,1311,37.48,0,1,0
24.85,2,1783,2.26,0,0,1
46.93,2,724,12.04,0,0,1
66.5,1,768,4.8,0,0,0
85.02,3,756,1.01,0,0,0
33.31,4,602,0.77,0,0,0
14.64,6,1389,1.84,0,0,0
113.18,3,1558,1.11,0,0,0
40.87,2,848,21.44,0,0,0
104.45,3,25,9.97,0,0,1
20.12,1,1002,6.3,1,0,0
78.73,2,1078,8.13,1,0,0
91.27,1,1354,39.66,0,0,0
6.39,3,660,36.25,0,0,0
49.25,4,1359,18.86,0,1,1
17.32,2,157,32.4,0,0,0
7.86,2,364,5.78,0,0,1
552.14,3,1269,7.2,0,0,1
46.7,2,712,14.27,0,0,1
199.21,2,622,14.66,0,0,1
35.27,3,114,9.86,0,0,1
137.3,1,1507,7.68,0,0,0
171.37,6,1795,64.22,0,0,1
108.65,2,405,25.82,0,0,1
76.54,2,1479,8.56,0,0,1
63.69,2,615,19.49,0,0,1
51.49,4,1253,4.71,0,0,0
318.31,1,1843,1.58,0,1,0
213.07,2,860,6.52,0,0,1
402.38,4,1998,7.74,0,0,0
15.93,3,451,0.25,0,0,1
157.51,3,1678,25.29,0,0,0
334.34,3,882,6.68,0,0,1
23.99,6,676,13.03,0,0,1
8.26,3,1061,1.15,0,0,0
162.17,3,803,2.89,0,0,0
102.53,1,484,33.07,0,0,1
221.29,2,637,14.07,1,0,0
18.07,4,1338,45.02,0,0,1
190.33,3,1779,100.27,0,1,0
27.02,3,1438,6.97,0,0,1
21.45,2,1546,5.32,0,0,0
21.53,3,511,29.32,0,0,1
202.21,1,357,98.69,0,0,1
131.31,2,1273,14.9,0,0,0
88.85,2,1027,23.78,0,0,0
53.34,3,579,22.83,0,0,0
251.66,5,1880,6.59,1,0,1
59.8,3,704,12.81,0,0,0
203.53,6,1370,26.85,0,0,1
69.39,2,35,17.48,1,0,1
56.77,5,1442,0.32,1,0,0
74.54,6,1110,6.16,0,0,1
43.04,6,1962,2.34,0,0,0
165.21,3,226,3.98,0,0,0
83.83,4,1361,35.39,0,0,1
31.71,3,846,0.56,1,1,1
275.8,2,783,3.72,0,0,1
58.12,5,1056,5.56,0,0,0
94.11,4,1789,14.39,1,0,1
284.34,2,679,11.46,0,1,1
117.46,0,727,3.69,0,0,1
14.92,0,319,2.69,1,0,1
337.27,5,608,4.05,0,0,0
118.57,6,276,10.47,0,0,0
48.94,1,1448,4.74,0,0,1
18.0,2,655,44.23,0,0,0
189.6,5,1300,9.35,0,0,0
116.13,4,1366,0.91,0,1,1
91.49,3,1032,19.6,1,0,0
269.2,2,1813,5.98,0,0,0
186.48,0,459,15.9,0,1,0
19.74,4,574,4.92,0,0,1
44.83,5,1644,12.69,0,0,1
34.28,2,1280,22.19,0,0,0
163.48,3,1069,39.47,0,0,1
4.09,7,1434,4.54,0,0,1
101.25,5,37,6.12,0,0,1
172.49,3,229,9.36,1,0,1
251.24,1,415,39.3,0,0,0
50.24,3,1647,34.75,0,0,0
206.62,4,1808,1.41,0,0,0
14.07,1,280,2.12,1,0,0
224.85,3,1769,10.26,0,0,1
16.37,3,1684,1.69,0,0,0
60.76,4,801,6.36,0,0,0
191.52,1,1544,2.41,0,0,1
19.49,2,972,15.16,0,0,0
31.25,3,1319,44.79,0,0,0
153.73,2,1487,85.86,0,0,1
152.77,1,1795,7.06,1,0,0
122.98,1,843,13.71,0,0,1
142.08,3,326,29.1,0,0,1
93.9,0,1623,1.87,0,1,0
34.81,3,1330,17.55,0,0,0
50.9,1,347,7.89,0,0,0
24.05,1,1340,3.46,0,0,1
286.91,7,1461,7.73,0,0,1
105.07,3,360,1.19,0,0,1
61.47,2,520,17.83,0,0,1
74.39,4,534,4.37,0,0,1
353.14,4,1891,5.6,0,0,0
19.98,0,501,1.94,0,0,0
105.89,3,1941,30.0,0,0,1
84.6,3,1627,10.2,0,0,1
113.44,7,18,12.73,0,0,0
2.19,3,1530,12.64,1,1,0
246.8,2,1758,7.93,1,0,0
322.8,4,1593,3.21,1,0,1
99.93,2,570,20.51,0,0,1
143.14,2,1854,2.04,0,0,0
306.9,3,449,1.65,0,0,1
147.41,0,1585,18.58,0,0,0
19.86,0,1908,3.51,0,0,0
103.04,3,801,5.5,1,1,1
111.99,4,1771,9.67,0,0,0
66.22,6,1141,8.95,0,0,0
160.02,4,1278,18.49,0,0,1
326.84,2,1288,14.65,1,0,1
311.75,2,42,15.51,0,0,1
71.92,8,1056,18.78,0,0,1
14.42,4,854,5.19,1,0,1
502.7,3,575,5.84,0,0,1
219.09,1,1854,8.64,0,0,1
15.98,2,58,5.51,0,1,1
304.36,1,471,62.93,0,0,0
244.73,3,599,25.23,0,0,1
87.79,4,345,2.7,0,0,1
107.37,0,1978,0.08,1,0,0
61.1,2,1391,0.66,0,0,1
6.76,5,1155,4.2,0,0,1
48.99,5,1477,1.82,0,0,1
194.86,3,368,11.43,0,0,0
0.56,1,1635,29.28,0,0,1
48.69,3,355,20.02,0,0,0
60.93,2,202,3.64,0,0,1
92.51,5,1449,7.64,0,1,1
302.87,1,1410,10.64,0,0,1
51.02,3,1496,24.93,0,0,0
51.13,3,765,27.41,0,0,0
160.5,4,1694,36.07,0,0,1
72.23,2,1179,10.68,0,0,1
30.53,2,487,17.78,0,0,0
72.27,1,837,1.78,0,0,0
18.22,0,899,12.5,0,0,1
23.29,2,662,4.29,1,0,0
82.79,2,417,8.48,0,0,1
65.15,1,295,15.08,0,0,1
295.6,5,1931,4.46,0,0,1
54.0,7,860,0.8,0,0,0
104.27,2,120,0.15,0,0,1
120.05,2,629,0.34,0,0,0
1.58,2,1912,0.13,0,0,0
130.71,1,802,1.75,0,0,0
23.53,2,59,4.11,0,0,1
389.52,2,1047,3.75,0,0,1
19.31,5,1167,64.91,1,1,0
64.26,0,597,5.48,1,0,0
10.71,3,605,2.04,0,1,0
692.17,2,1376,11.83,0,0,1
83.71,5,679,29.27,0,0,1
108.58,3,1319,17.0,0,1,0
8.33,5,1967,5.27,1,0,1
166.34,6,323,12.37,0,0,1
28.27,3,615,18.82,0,0,1
274.0,5,306,19.54,0,0,1
27.55,2,1639,16.47,0,0,1
25.39,0,578,30.7,0,0,1
4.47,6,1197,30.62,0,0,1
76.65,5,841,12.97,0,0,0
99.85,3,1530,8.43,0,0,1
8.16,6,619,15.39,0,1,1
179.28,3,25,25.57,0,0,0
72.46,1,1377,0.09,0,0,0
89.18,0,1111,72.42,0,0,1
69.74,2,1379,3.03,0,0,0
61.45,2,81,9.53,1,0,0
98.42,4,279,30.84,1,0,1
20.24,5,296,3.82,1,0,1
24.1,1,75,9.72,0,0,0
237.47,4,889,2.13,1,0,1
350.51,3,77,7.54,0,0,0
56.08,2,1226,2.92,1,0,0
37.89,3,1088,6.78,0,0,0
123.94,2,989,7.01,1,0,1
63.06,3,1412,74.8,0,0,1
3.09,5,983,78.92,0,0,0
20.37,2,1201,1.83,0,0,0
151.04,5,1442,19.42,0,0,1
129.08,1,517,0.8,0,0,0
3.3,0,1570,0.46,0,0,1
30.12,4,1676,1.67,0,0,1
31.53,6,846,50.5,0,0,0
133.73,4,1135,42.42,0,0,1
2.39,3,895,3.23,0,0,1
13.19,5,803,2.65,0,0,1
193.08,2,1841,4.13,0,0,0
23.6,2,1839,10.87,0,0,1
126.92,2,431,12.65,0,0,1
32.65,4,1997,3.76,0,1,0
12.57,3,784,21.2,0,0,0
33.43,5,487,5.56,0,0,1
153.73,2,935,38.29,0,0,0
232.3,2,129,16.04,0,0,1
212.79,3,1948,8.6,1,0,0
60.74,3,1776,23.4,0,0,0
132.35,4,1324,25.55,0,0,1
27.53,1,497,5.15,0,0,0
41.63,0,1194,6.23,0,0,1
271.99,1,1706,41.22,0,0,1
1.57,4,87,2.7,0,0,1
10.73,3,1071,0.65,0,0,0
27.97,4,1427,9.08,0,0,1
3.23,1,450,24.23,0,0,1
24.02,5,1573,22.15,0,0,1
104.97,3,471,37.8,1,0,1
65.66,4,621,11.43,0,0,1
267.82,4,1327,1.58,0,0,1
204.08,4,1433,13.33,1,1,1
50.19,1,1669,22.6,0,0,0
36.04,4,926,1.47,0,1,0
57.3,3,1125,2.84,0,0,0
107.08,2,1800,0.19,0,0,0
37.45,5,618,13.51,0,1,1
117.43,4,15,32.67,0,0,0
63.2,3,690,16.66,0,0,1
96.37,4,904,60.29,0,0,0
68.75,4,280,0.98,0,0,1
41.86,3,1653,35.0,0,0,0
355.83,1,1932,25.24,0,0,1
173.07,2,820,5.66,0,0,1
18.11,0,568,54.47,0,0,0
243.42,4,108,5.09,0,0,0
80.2,1,535,33.01,0,0,0
269.94,5,203,31.9,1,0,1
193.05,1,1190,21.26,0,1,1
66.45,4,1933,12.43,0,0,1
2.73,1,1699,1.92,1,0,0
37.55,6,1148,11.39,0,0,0
93.61,4,405,6.62,1,0,0
120.44,1,779,23.57,0,0,1
35.79,3,1690,21.29,0,0,0
18.01,3,1836,36.22,0,0,0
216.17,4,1033,0.22,0,1,1
499.27,2,1555,24.84,0,0,1
89.51,4,889,41.82,1,0,1
22.6,3,1247,23.36,0,0,0
38.15,3,754,2.09,0,0,1
2.23,2,692,1.27,0,0,1
294.83,4,1566,0.32,0,1,1
15.03,3,24,14.86,0,0,1
103.11,1,1452,14.9,0,0,1
38.43,1,377,65.04,0,0,1
96.94,2,647,7.61,0,0,0
126.47,2,862,6.05,0,0,0
212.45,1,1886,14.69,1,0,1
27.74,6,1246,26.2,0,0,0
1.33,2,709,41.42,0,1,1
17.66,5,1717,24.38,0,0,1
276.33,7,1792,8.34,0,0,1
248.47,5,14,15.11,0,0,1
109.18,4,240,29.1,1,0,1
110.11,3,1234,10.12,0,0,1
131.25,4,1918,3.66,0,0,0
23.14,1,1435,2.79,0,0,0
294.99,2,1182,0.0,0,0,0
65.11,4,1617,19.0,0,0,1
57.97,1,1525,1.77,1,0,0
87.81,4,1021,4.19,0,0,1
5.77,6,1259,5.3,0,0,0
21.82,3,595,12.33,0,0,0
160.74,1,1852,7.61,0,1,0
10.37,2,178,16.84,0,0,1
110.9,4,770,0.86,0,0,0
33.78,3,801,1.98,0,0,0
59.18,1,1009,10.37,1,0,0
40.88,7,161,6.16,0,0,1
52.75,2,1025,5.26,0,0,0
152.35,5,233,1.04,0,0,1
42.31,6,513,33.91,0,0,0
100.28,1,1770,17.66,1,0,0
77.56,0,1583,1.95,0,0,0
130.76,2,53,1.01,0,0,1
331.43,3,706,55.26,0,0,1
158.27,5,513,17.15,0,0,0
29.04,0,1988,8.11,0,0,1
3.8,0,1274,18.15,0,0,0
36.5,3,939,21.18,0,0,0
108.49,4,852,22.71,1,1,1
6.34,3,360,9.75,0,0,1
82.31,4,1755,8.43,1,0,0
109.01,3,32,0.17,0,0,1
48.82,5,1669,39.17,0,1,1
176.84,6,607,13.87,0,0,1
13.53,3,1076,3.41,0,0,0
9.37,4,475,37.81,1,0,0
156.32,1,49,36.96,0,0,1
82.1,3,312,67.9,0,0,1
139.93,3,1714,31.08,0,0,1
68.47,2,184,91.68,0,0,0
33.95,4,1008,4.21,1,0,1
205.18,3,1565,27.7,0,0,0
192.78,5,1494,25.98,0,0,1
142.37,3,630,3.94,0,1,0
38.12,3,1226,1.55,0,0,0
107.06,2,253,58.25,0,0,0
53.74,0,845,5.27,0,0,1
11.53,4,289,30.71,0,0,0
299.12,3,1773,0.06,0,0,1
17.66,2,1069,0.32,0,0,1
360.06,4,566,9.41,0,0,1
70.87,6,907,4.09,0,0,0
24.57,4,1573,17.56,0,0,0
93.68,4,1187,12.51,1,0,1
247.58,2,1056,1.21,0,0,1
158.11,1,728,2.66,1,0,1
197.14,1,941,7.37,0,0,0
129.03,1,100,3.08,0,0,0
141.43,4,399,23.57,0,0,0
227.01,3,1964,8.07,0,0,1
34.47,4,1392,1.47,0,0,0
80.67,4,559,9.93,1,0,0
30.0,2,940,1.43,0,0,0
527.47,6,1261,2.07,0,0,1
346.02,3,1235,4.11,0,0,1
4.83,1,1383,29.44,0,0,0
146.73,3,1854,38.78,0,0,1
311.23,2,1799,26.25,1,0,1
23.9,2,1071,6.1,0,0,1
100.7,3,742,4.77,0,0,0
296.5,3,509,11.95,0,0,1
4.14,3,1732,19.19,1,0,1
143.45,3,1076,75.25,1,1,1
42.35,6,880,2.12,0,0,0
309.87,6,1659,0.76,1,0,1
425.1,3,1805,17.78,0,0,1
346.46,3,526,26.78,1,0,0
77.14,3,77,28.1,0,0,0
237.7,2,1773,17.02,0,0,1
223.37,3,132,46.19,0,0,0
46.12,3,1718,10.73,0,0,1
211.87,3,345,36.77,0,0,0
4.53,1,1186,51.54,0,0,1
108.84,4,983,28.18,0,0,1
31.37,1,788,5.56,1,0,1
15.42,4,1702,3.28,0,0,0
9.61,2,1195,11.92,0,0,0
143.0,2,1247,9.05,0,0,0
49.84,5,1943,31.53,1,0,0
154.82,4,1409,1.58,1,0,1
8.11,1,1953,4.47,0,0,0
45.45,1,1476,20.9,0,0,1
93.05,5,432,1.5,0,0,1
187.69,3,1571,5.8,0,0,0
46.06,1,948,7.34,0,1,1
117.99,1,813,14.62,1,0,0
260.56,5,1968,2.58,0,0,0
114.81,4,1734,29.56,0,0,1
31.83,4,1945,8.9,0,0,0
2.96,1,643,37.34,0,0,1
244.92,0,1263,9.46,0,0,1
2.58,4,1092,4.82,0,0,0
249.25,2,105,2.29,0,0,1
90.33,4,1295,0.06,0,0,1
335.76,1,363,11.39,0,0,0
192.4,1,1345,1.7,0,0,1
741.86,4,1169,7.46,1,0,1
51.83,2,1895,13.35,0,0,0
174.9,1,1828,4.84,0,1,1
61.69,1,976,2.89,0,0,0
78.44,3,932,22.36,0,0,0
118.5,4,482,44.0,0,0,1
248.27,2,1665,1.59,0,0,1
496.85,2,439,2.54,0,0,0
175.46,4,1970,48.29,0,1,1
64.91,3,984,0.58,0,0,0
65.65,1,546,57.0,1,1,1
160.54,1,1887,0.07,0,0,0
32.74,3,1179,31.03,1,0,0
14.05,2,1557,5.51,0,0,0
52.55,3,96,41.85,0,0,0
40.63,2,1980,5.72,0,1,0
42.17,6,118,15.93,0,0,0
31.93,7,1456,1.25,0,0,1
5.16,4,1378,4.16,0,0,0
2.16,2,1299,22.29,0,0,0
528.0,2,1767,11.28,0,1,0
66.99,0,1619,39.46,1,0,1
58.2,5,1003,8.4,0,0,1
136.6,2,1527,30.58,0,0,0
29.55,4,1366,8.94,0,0,0
359.39,4,831,58.13,1,0,1
185.21,4,1446,48.22,0,0,0
11.24,5,1647,5.99,1,0,0
64.87,3,946,32.56,0,0,0
253.55,3,1014,28.22,0,1,0
347.47,5,658,3.55,0,0,1
75.6,4,200,14.68,0,0,0
114.05,3,942,1.13,1,1,1
21.93,4,151,27.18,0,0,0
567.53,3,1902,2.88,1,1,1
31.62,3,1106,1.1,0,1,1
343.2,4,849,7.67,0,0,1
125.86,3,1200,12.9,0,0,1
112.3,1,177,28.96,0,0,0
86.26,3,575,54.89,0,0,0
31.47,2,1292,8.68,0,0,0
23.31,2,1472,0.94,0,0,0
29.89,4,1144,20.74,0,0,0
24.76,4,753,12.49,0,0,0
181.47,1,682,8.91,0,0,0
51.72,7,873,5.55,0,0,0
7.15,3,848,10.47,0,0,0
417.25,2,540,6.2,0,0,1
258.28,6,1323,21.22,1,0,1
315.32,0,983,11.78,0,0,1
633.61,6,571,31.42,0,0,1
22.92,3,1543,11.76,0,0,0
60.55,3,184,4.08,0,0,1
170.38,5,311,28.57,0,0,0
142.9,5,1729,12.22,0,0,0
20.05,2,194,3.48,0,0,0
203.03,4,1372,14.65,0,0,0
30.5,3,519,6.64,0,0,0
30.4,6,828,27.91,0,0,1
92.4,1,1343,9.06,0,0,1
107.86,3,1540,19.44,0,0,0
104.12,5,1379,1.51,0,0,0
11.51,3,1114,7.56,0,1,0
251.92,2,1407,61.33,0,0,1
37.04,0,165,24.79,1,0,1
16.64,1,796,2.61,0,0,0
263.51,4,804,4.88,0,0,1
373.88,6,441,6.0,0,0,0
237.77,2,1533,15.76,0,0,0
198.98,4,770,21.22,0,0,0
127.79,1,156,20.77,0,0,1
96.05,1,490,10.7,0,0,0
10.92,9,444,24.98,0,0,0
63.0,2,1552,8.62,0,1,1
55.96,2,1702,1.98,0,0,0
36.09,3,1716,12.47,1,0,1
154.23,4,78,45.64,0,0,1
82.19,2,1639,23.63,1,0,0
10.14,1,1914,12.97,0,0,0
29.84,2,884,15.61,0,0,0
137.96,1,1921,40.01,0,0,0
9.5,0,195,8.39,1,0,0
228.62,3,913,6.04,1,0,1
82.02,2,691,56.74,0,0,0
78.61,6,213,29.87,0,0,0
107.7,2,563,5.85,0,0,0
208.94,2,22,9.35,0,0,0
51.29,2,675,8.04,0,0,0
135.99,6,1307,2.42,0,1,0
100.09,1,1331,47.49,1,0,0
37.28,4,60,7.77,0,0,1
253.07,4,509,31.23,0,0,0
191.6,2,378,3.15,0,0,1
128.91,3,733,11.91,0,0,1
228.12,0,1689,0.36,0,0,1
242.35,3,366,21.67,0,0,0
147.87,4,1036,13.05,0,0,1
217.69,2,1287,14.74,0,0,1
143.47,4,1508,0.8,1,0,0
136.78,0,856,3.56,0,1,0
115.67,2,1539,1.16,0,0,0
167.67,4,265,5.11,0,0,1
20.72,4,1643,14.81,0,0,0
255.31,2,1718,12.53,0,0,1
246.54,3,1183,14.21,0,0,1
3.56,4,1521,11.95,0,1,1
209.72,4,288,4.78,1,0,0
16.56,3,1092,4.21,0,0,0
48.98,3,455,2.21,0,0,1
163.28,3,122,28.36,1,0,1
21.03,2,845,14.38,0,0,0
204.43,3,764,3.1,0,1,1
214.15,4,1855,2.93,0,0,1
84.98,5,1602,30.96,1,0,0
0.77,5,1522,20.36,0,0,1
40.6,1,1440,16.16,1,0,1
115.14,5,376,7.83,0,0,1
476.78,4,1093,4.56,0,0,1
119.9,2,338,58.27,0,0,1
36.1,2,737,23.94,0,0,1
120.62,1,1502,5.39,0,0,1
93.18,3,1778,28.22,0,0,0
181.61,5,1015,21.34,0,0,1
13.58,1,1600,5.29,0,0,1
171.77,2,1918,8.34,0,0,1
93.51,3,729,3.09,0,0,1
395.59,3,1096,1.77,0,0,1
50.2,3,193,19.24,0,0,1
120.16,3,1032,4.67,0,0,1
322.64,5,320,25.73,0,1,1
12.98,4,1826,81.42,0,0,1
332.19,3,1571,1.2,0,0,1
139.73,5,186,9.61,0,1,1
8.43,4,1608,24.3,0,0,0
42.97,1,1462,23.33,1,0,0
147.79,3,1106,21.41,0,0,0
8.37,3,856,6.44,0,0,0
104.72,1,1200,9.07,0,0,0
50.94,5,1258,13.56,0,0,0
116.4,3,1610,54.71,0,0,0
5.62,2,1614,5.95,0,0,0
246.25,3,1985,38.49,0,0,1
435.62,3,18,4.71,0,0,1
416.38,3,245,67.75,0,0,0
166.19,1,719,16.64,0,1,1
16.72,5,933,9.34,0,0,0
170.39,1,694,14.26,0,0,1
2.99,4,803,4.77,0,1,1
2.68,2,1061,4.81,0,1,1
46.92,3,817,1.81,0,0,0
80.48,4,1944,1.82,0,0,1
176.57,3,1679,6.41,0,0,0
137.97,8,36,21.59,0,0,0
70.85,2,559,14.05,0,0,0
38.36,2,1229,1.62,0,1,1
702.18,1,1236,28.68,0,0,0
66.65,1,94,13.8,0,0,1
72.04,5,1865,48.61,0,0,1
21.44,2,1063,16.64,0,0,0
190.06,0,475,2.89,0,1,1
141.98,2,1132,9.63,0,0,1
29.93,5,1932,15.68,0,0,0
10.32,4,1223,0.43,0,0,0
136.92,4,21,0.23,0,0,1
127.54,4,1636,2.08,0,0,0
38.3,4,1022,4.35,0,0,0
361.58,1,1063,8.42,0,1,1
19.65,3,1758,10.03,1,0,0
67.95,1,1071,2.23,0,0,0
345.07,4,1886,16.78,0,0,1
65.31,4,581,13.6,0,0,1
122.11,3,1327,5.23,0,0,1
60.82,3,1393,0.21,1,0,0
38.46,3,1688,1.21,0,0,1
496.05,4,923,7.46,1,0,1
63.18,2,189,2.51,0,0,0
269.43,3,806,7.09,0,0,0
31.36,4,1145,14.84,0,0,0
28.76,5,1775,11.89,0,0,0
3.8,2,1477,3.94,0,0,0
126.55,2,1054,6.32,0,0,0
55.16,1,1178,14.28,0,0,0
239.73,2,1532,29.58,0,0,0
76.91,4,1179,20.99,1,1,1
413.77,2,450,12.09,0,0,1
24.63,2,896,6.75,0,0,1
243.56,4,430,6.81,0,0,0
179.85,3,1349,31.73,0,0,0
176.84,4,1199,0.6,0,0,1
223.55,1,1685,66.32,0,1,1
171.77,3,1236,16.38,1,1,0
118.09,6,1529,17.14,1,0,0
16.88,3,1789,0.58,0,0,1
3.97,1,1658,13.95,0,0,0
304.37,3,477,9.95,0,0,1
115.06,6,722,1.68,0,0,1
191.07,4,394,4.88,0,0,0
78.82,4,323,33.15,0,1,1
14.97,1,780,11.98,1,0,1
16.05,5,1288,8.0,0,0,1
138.84,0,968,1.13,0,0,1
67.52,5,926,18.78,0,0,1
26.86,2,32,18.2,0,0,1
81.18,0,1938,14.28,1,1,0
7.96,3,1791,10.71,0,0,1
104.66,6,348,8.53,0,0,0
37.6,3,1526,13.49,0,0,1
191.68,2,832,3.99,0,0,0
44.59,2,1544,42.52,0,1,1
72.88,2,375,13.33,0,0,1
1.4,3,1405,5.59,0,1,0
9.02,7,924,8.96,0,0,0
59.81,0,1863,24.57,0,0,0
78.46,3,1632,2.64,0,0,0
109.96,3,1252,5.2,0,0,0
41.38,4,484,17.07,0,0,1
142.49,3,1456,5.69,0,0,0
236.04,3,1389,23.59,1,0,1
181.61,3,1493,2.1,0,0,0
4.85,3,1536,21.58,0,1,0
78.59,7,36,1.06,0,1,1
13.3,2,951,0.19,0,0,1
33.26,2,811,34.27,0,1,1
518.06,3,810,13.06,1,0,1
18.45,3,869,6.5,1,0,0
82.91,4,1256,3.97,0,0,0
115.53,2,873,14.39,0,1,1
145.47,3,699,10.67,1,0,1
98.42,3,1181,71.69,0,0,1
1.18,3,1457,61.31,1,0,0
47.43,2,748,15.12,0,0,0
87.51,3,1384,8.77,0,0,1
11.04,1,1219,10.13,0,0,0
51.81,5,424,17.21,0,0,1
4.05,4,1839,1.61,0,1,1
9.82,3,991,5.97,0,0,0
60.69,4,438,1.17,0,0,1
17.09,3,50,1.14,1,0,0
100.59,3,914,3.27,0,0,0
140.34,4,1021,9.96,0,0,0
193.49,3,1426,23.04,0,0,1
26.8,4,712,9.97,0,1,1
22.0,2,88,6.13,0,0,0
13.25,5,726,1.29,0,1,0
121.41,4,1929,11.99,0,0,0
147.1,2,1823,4.75,0,0,1
3.85,3,1817,14.32,0,0,1
330.26,4,553,56.71,0,0,1
6.4,4,1483,1.77,0,0,0
93.52,4,483,3.58,1,0,1
148.16,5,1175,9.61,1,0,1
245.72,2,1284,51.92,1,0,0
150.25,3,303,22.16,1,0,1
194.17,3,619,34.28,0,1,1
49.76,3,145,6.09,0,0,1
202.37,2,493,72.5,0,0,1
10.02,3,1822,1.63,0,0,0
270.25,2,1345,0.82,1,0,1
95.18,6,823,29.03,1,0,1
203.99,4,564,39.31,0,0,1
72.25,2,1665,1.42,0,0,1
123.8,1,1765,1.81,0,0,0
89.69,4,55,0.51,0,0,1
157.83,4,1269,1.66,0,0,0
10.22,2,1081,3.52,0,0,1
7.47,6,207,52.64,1,0,1
34.06,3,93,16.53,0,0,1
20.86,0,552,22.61,1,0,1
246.48,3,1194,22.45,0,0,0
29.69,1,1461,11.49,0,0,0
446.89,2,80,23.95,0,0,0
49.3,3,529,13.59,1,1,1
24.12,2,907,5.67,0,0,1
187.11,3,922,12.35,1,0,1
129.0,3,1085,11.44,0,0,0
82.75,2,1078,26.01,0,0,1
97.26,5,302,60.04,0,0,1
152.41,1,947,7.94,0,0,1
31.12,3,821,21.62,0,1,1
673.04,3,1498,1.58,0,0,0
441.68,3,1918,22.5,0,0,1
126.09,4,1583,6.96,0,0,0
26.71,4,876,0.6,1,1,1
136.82,1,389,6.77,0,0,1
8.99,4,1016,14.15,1,0,1
3.74,2,1776,1.9,0,0,0
35.76,1,1511,38.66,0,0,1
74.53,3,271,1.21,0,0,1
243.24,4,589,39.89,0,1,1
155.87,0,1212,18.42,0,0,0
162.9,4,366,6.0,0,0,0
66.51,3,1452,7.43,0,0,0
50.95,4,707,20.25,0,0,1
55.64,0,1986,13.8,0,0,0
527.29,2,1234,16.7,0,0,1
4.91,6,1935,7.39,0,0,0
242.12,4,1046,10.04,1,0,0
103.72,4,452,68.88,0,0,1
69.28,2,735,3.61,0,0,1
155.03,1,1765,8.12,0,0,0
80.02,2,295,5.18,0,0,0
248.03,3,1789,21.73,0,0,0
277.16,2,1901,21.66,0,1,1
65.72,4,1291,5.19,1,0,0
38.89,3,579,1.27,0,0,0
107.68,3,1581,0.17,0,0,1
292.15,1,849,8.36,0,0,0
28.39,3,1974,7.92,0,0,0
117.05,4,1523,66.84,0,0,1
119.82,3,507,9.52,0,0,1
158.51,2,1938,4.44,0,0,0
16.93,2,1927,33.28,0,0,0
150.98,4,714,10.13,0,0,1
287.67,1,1366,13.71,0,1,0
23.77,4,571,1.51,0,0,1
32.55,1,41,7.24,0,0,0
426.5,2,1643,43.3,0,0,1
23.96,1,52,13.36,0,0,1
231.21,1,1926,6.34,0,0,1
81.34,2,1384,14.74,0,0,0
34.08,4,1367,36.19,0,0,1
245.52,3,1855,4.8,0,0,0
70.72,4,568,10.55,0,0,1
86.79,2,279,47.8,0,0,0
53.41,3,1977,2.84,0,0,0
107.86,5,1856,19.08,0,0,1
21.43,5,1446,14.3,0,0,1
59.53,3,952,17.08,0,1,0
418.46,4,1608,6.49,0,0,1
35.83,4,1052,5.65,0,0,1
128.31,3,1380,17.29,0,0,0
47.2,2,1938,3.64,0,0,0
178.19,3,1646,8.16,0,0,1
16.83,3,46,3.13,0,0,0
420.07,5,1652,0.13,1,0,1
72.57,3,101,52.63,0,0,1
32.31,2,1853,8.48,0,0,1
9.16,4,194,52.28,0,1,1
22.32,4,737,2.27,0,1,0
88.02,1,1061,13.28,0,0,1
49.32,5,1581,3.37,1,1,1
211.85,2,381,23.42,1,0,1
67.64,1,841,22.97,0,0,0
34.32,2,1563,1.79,0,0,1
115.21,5,354,36.47,0,0,1
147.22,4,1452,3.25,0,1,0
21.93,5,1229,14.24,0,0,0
22.02,4,87,63.64,0,0,1
4.48,1,176,32.11,0,0,1
160.0,2,1123,47.05,0,1,1
130.81,1,273,6.29,0,0,1
77.24,4,1505,1.67,1,1,0
223.08,2,1241,3.13,0,0,0
196.58,2,733,10.41,1,0,1
105.64,3,1304,23.64,0,0,1
243.24,4,1296,2.44,0,0,1
27.66,2,1539,16.17,0,0,0
14.24,3,1818,5.86,0,0,0
37.72,4,521,6.26,0,0,0
7.05,2,1887,16.27,1,0,0
90.9,3,1759,9.44,1,0,0
331.01,2,1919,25.07,0,0,0
4.82,5,585,2.54,0,0,0
15.63,7,1557,23.41,0,0,0
72.22,4,731,1.0,0,0,0
325.95,2,1345,3.24,0,0,1
45.6,0,1207,16.01,0,0,1
84.93,3,440,28.96,0,0,0
5.1,3,777,4.37,0,0,0
19.27,2,472,5.94,0,1,0
517.77,1,110,11.55,0,0,1
402.7,7,1049,3.57,0,1,1
0.59,4,1742,25.0,1,0,1
363.92,7,1291,22.28,0,0,1
122.31,4,1929,2.35,1,0,1
242.92,2,253,9.35,0,0,1
72.78,2,1381,22.36,1,0,1
86.98,4,1282,6.17,0,0,0
80.53,2,114,15.04,0,0,1
131.9,5,703,0.77,1,0,1
18.05,4,1700,14.07,0,0,1
3.65,0,1320,2.48,0,0,1
44.17,0,1202,26.63,1,0,0
146.36,4,1453,6.59,0,0,1
27.06,2,1080,4.96,1,0,1
134.29,2,1076,27.57,0,0,0
420.44,5,1354,0.77,1,0,1
11.83,3,827,7.58,0,0,0
133.99,4,230,6.93,0,0,0
70.38,0,1546,5.03,0,0,0
243.12,2,1745,36.41,1,0,1
23.4,3,1474,20.85,0,0,0
141.56,3,153,0.99,0,0,0
218.5,2,899,18.81,0,0,0
347.21,3,1061,11.24,0,0,1
137.96,2,1887,34.67,0,1,0
82.5,2,1883,5.63,1,0,1
115.43,4,799,12.81,0,0,1
243.82,4,562,10.42,0,0,0
101.45,1,853,10.09,0,0,0
3.7,4,668,9.13,0,0,1
320.75,1,1890,3.45,0,0,0
140.36,5,1723,21.14,0,0,0
135.43,1,1860,9.0,0,0,1
29.15,4,846,47.74,0,0,0
129.06,3,1028,4.53,0,0,0
60.08,2,1963,17.22,0,0,1
126.4,2,1200,42.38,0,0,0
13.53,1,1668,16.34,0,0,1
128.7,2,1619,30.75,0,0,0
893.01,1,760,26.36,0,0,1
5.93,3,258,6.7,0,0,0
453.58,1,784,13.75,1,0,1
62.69,1,773,2.55,0,1,1
245.52,2,1390,11.5,0,0,0
183.0,5,1144,3.93,0,1,1
100.45,6,701,20.42,0,0,0
160.94,2,1733,11.26,0,0,0
252.96,3,829,7.95,0,0,0
62.13,5,728,4.7,0,0,0
47.53,5,243,99.66,0,0,1
132.17,0,33,1.12,0,0,1
197.93,3,1059,0.67,0,0,0
172.4,3,1414,3.67,0,0,0
191.83,1,1763,53.14,0,0,1
68.64,1,1015,58.12,0,1,0
204.34,0,1379,15.96,0,0,0
15.37,3,1411,31.82,0,0,0
94.36,2,531,3.61,0,0,0
0.69,1,26,53.66,0,0,0
47.09,6,254,2.31,0,0,0
54.77,0,727,1.6,0,0,0
60.54,1,779,1.79,0,1,1
142.68,3,1657,12.77,0,0,0
59.03,2,726,22.78,1,0,0
71.46,2,1572,6.85,0,0,0
32.55,6,1616,57.18,1,0,0
56.07,3,1721,8.55,0,0,1
30.94,1,1235,2.45,0,0,0
9.12,3,1281,9.41,0,0,0
110.99,4,127,17.05,0,0,1
132.39,0,18,26.78,0,0,1
115.95,2,607,9.21,0,0,0
74.72,1,32,13.51,0,0,1
57.32,3,249,4.67,0,0,1
238.83,5,1618,15.57,0,0,1
87.85,4,36,64.0,1,0,0
78.28,2,993,0.75,1,0,0
3.12,3,1894,32.64,0,0,1
50.09,3,1114,12.39,1,0,0
57.4,5,1629,4.36,1,0,0
61.06,1,208,46.48,0,0,1
104.15,4,1588,9.91,0,0,1
91.53,0,784,6.05,0,0,0
112.35,2,101,3.0,0,0,1
173.72,2,860,4.2,0,0,0
201.19,1,1992,26.83,0,0,1
151.95,4,1117,14.29,0,0,1
373.54,5,309,36.67,0,0,0
2.21,2,1968,3.96,0,0,1
26.15,4,305,1.94,0,0,0
0.91,4,656,0.09,0,1,1
125.12,2,1487,10.63,1,0,1
273.97,2,1314,95.72,0,0,1
33.48,3,1010,17.81,0,1,1
314.13,3,1092,5.53,1,0,1
7.46,3,918,31.42,1,0,1
326.97,4,880,22.83,0,0,1
51.99,5,1375,0.23,0,0,0
12.83,4,762,25.46,1,0,1
79.83,4,1498,5.36,0,0,0
35.61,2,1913,2.43,0,1,1
40.24,2,351,3.85,0,0,1
44.06,5,1643,9.48,0,0,0
194.96,2,71,8.3,0,0,1
92.96,1,785,5.11,0,0,0
44.76,2,634,2.84,1,0,1
113.1,4,1462,21.55,0,0,0
151.12,2,1691,69.24,0,0,0
38.2,4,1761,22.56,0,0,1
64.04,1,265,5.26,1,0,1
15.6,3,837,4.21,0,0,0
23.98,5,1023,3.68,0,0,0
137.15,4,1861,2.2,1,0,1
24.02,1,1907,12.02,0,0,0
89.37,2,1803,13.95,0,0,1
148.15,2,1739,18.34,1,0,1
13.56,7,1380,17.1,1,0,0
100.53,2,1559,5.19,0,0,0
35.58,3,1337,6.01,1,0,1
395.38,3,624,17.16,0,0,0
79.29,6,254,6.45,0,0,1
196.78,2,766,3.59,1,0,1
95.88,2,833,7.03,1,0,1
5.33,2,789,4.76,0,0,0
120.34,1,1769,1.39,0,0,0
362.9,3,741,26.59,0,0,1
110.44,5,1856,28.77,0,0,0
205.24,4,1445,3.72,0,0,0
258.71,4,887,1.0,0,0,0
31.06,3,1250,20.14,0,0,0
28.6,2,525,3.56,0,0,1
113.3,4,483,7.5,0,1,1
63.53,3,45,0.99,0,0,1
219.81,3,1211,3.85,0,1,0
276.34,1,1420,23.62,0,0,1
52.33,4,1802,24.47,1,0,0
32.44,3,1050,3.48,0,0,1
181.98,1,1744,6.14,0,0,0
38.56,1,839,2.16,0,0,0
207.53,1,1081,1.16,0,0,1
66.14,2,1095,72.75,0,0,0
132.15,3,1102,15.99,0,0,0
12.05,3,1692,11.72,0,0,1
117.34,3,1904,21.75,0,0,1
72.13,1,375,27.5,0,0,1
106.0,3,1195,24.65,0,0,0
22.07,2,1772,0.25,1,0,1
160.21,1,954,3.1,0,0,0
238.36,1,985,15.96,0,0,1
29.31,1,1521,7.07,0,0,0
12.07,4,440,60.67,0,0,0
2.87,3,868,16.42,1,0,0
123.26,2,1522,47.04,0,0,0
112.1,2,239,3.37,1,0,1
94.94,3,379,29.92,0,0,1
31.67,2,187,5.81,1,0,1
59.49,4,1890,68.44,0,0,0
108.31,2,1443,2.57,0,0,0
82.4,3,577,10.9,0,0,0
528.62,5,1623,23.61,0,0,0
17.6,5,1303,8.5,0,0,1
142.55,2,1239,9.47,0,0,0
62.17,1,802,64.42,0,1,1
67.08,1,1773,8.31,1,0,1
151.73,4,909,13.9,0,0,1
141.49,1,1784,0.84,0,0,1
568.73,4,984,27.7,1,0,1
16.49,1,1833,15.67,1,0,0
13.19,5,91,7.76,0,0,0
154.63,1,855,0.24,0,0,1
103.64,1,771,13.44,0,0,0
38.45,2,1226,0.19,0,0,1
9.93,4,627,0.02,0,0,1
10.75,0,1222,14.36,0,0,0
269.53,4,1309,3.14,0,1,1
25.56,0,1107,3.2,0,0,1
46.88,1,1043,15.89,1,0,1
30.84,3,1668,0.83,0,0,0
52.62,1,225,5.64,0,0,1
8.63,4,299,2.43,0,0,0
87.84,3,454,13.02,0,0,1
8.4,2,932,16.26,0,0,1
193.35,4,561,19.16,0,0,0
31.94,7,202,4.42,1,0,1
93.19,4,1672,1.4,0,0,0
254.51,4,298,1.23,0,0,0
126.28,3,1997,8.33,0,0,0
91.36,3,592,43.74,0,0,1
47.05,2,1682,3.68,0,0,0
48.6,2,1177,4.45,0,0,1
132.85,3,1422,1.6,0,0,0
616.74,3,1899,13.95,0,1,1
130.11,2,1925,17.09,0,0,0
97.91,3,1440,15.45,0,0,0
157.41,3,1844,29.61,0,0,1
75.1,3,1403,10.0,0,0,0
7.44,4,866,2.17,0,0,0
99.15,3,1474,5.12,0,0,0
379.34,8,1980,16.29,1,1,1
23.13,3,790,14.24,0,1,1
140.54,2,905,11.36,0,0,0
26.92,4,929,17.23,0,0,1
92.1,0,1684,15.22,0,0,0
12.2,4,573,31.97,0,0,0
71.82,2,1562,13.23,0,0,0
169.35,1,1710,22.62,0,0,0
51.25,2,22,4.29,0,0,0
131.2,1,1735,17.01,0,0,1
190.43,1,996,34.87,0,0,1
314.37,4,349,7.31,0,1,1
32.09,3,874,22.65,0,1,0
61.16,2,1907,19.35,1,0,0
19.84,3,1897,0.92,1,0,0
586.88,3,1809,13.07,0,1,1
314.08,3,321,2.09,0,0,1
93.17,5,742,51.31,0,0,1
221.44,4,1137,25.02,1,0,1
88.32,1,348,1.74,0,0,1
117.25,2,1231,1.95,1,0,0
11.2,3,309,13.54,0,0,1
168.91,3,1477,6.34,0,1,0
16.4,5,368,0.53,1,0,0
209.89,2,1401,11.7,0,0,1
182.81,3,178,7.36,0,0,1
148.03,4,1182,1.6,0,0,1
4.42,2,770,24.29,0,0,1
43.34,2,777,36.99,0,0,0
36.64,1,991,21.2,0,0,1
53.58,3,51,25.93,0,0,0
11.01,4,211,3.66,0,0,0
331.67,6,979,4.59,0,0,1
96.84,2,1277,3.51,1,0,0
43.75,5,1702,21.73,0,0,0
60.7,4,473,44.32,0,0,0
71.13,7,458,18.93,0,0,1
110.13,4,922,31.99,0,0,1
87.0,3,807,15.27,1,0,1
302.18,2,803,7.36,0,0,1
82.45,5,446,8.32,0,0,0
581.79,6,1926,1.17,0,0,1
228.8,2,1783,0.48,0,0,0
28.06,2,540,17.84,1,0,1
320.14,2,574,8.66,1,0,1
14.85,1,1630,12.05,0,0,0
204.09,4,1306,12.24,1,0,1
57.48,5,1463,4.87,0,0,1
252.42,5,881,9.69,0,0,1
243.05,5,222,9.54,0,0,1
196.74,3,958,7.38,0,1,1
187.3,5,1906,25.78,0,0,1
43.61,3,1137,9.0,1,0,0
10.13,0,201,13.88,0,0,0
61.9,2,1974,33.88,0,1,1
22.87,2,1722,30.17,0,0,0
142.47,3,1692,33.17,0,0,0
50.98,3,1413,4.72,0,0,0
445.63,4,1114,0.53,0,0,1
122.92,4,714,4.54,0,0,0
207.44,3,558,4.9,0,0,1
17.06,2,1410,36.01,0,0,0
237.67,2,1871,15.71,1,0,0
307.3,4,163,1.28,0,0,1
80.11,3,1675,2.18,0,0,0
111.85,0,580,2.54,0,0,1
173.68,4,1769,14.93,0,1,1
23.06,3,1794,19.94,1,0,0
83.8,2,249,29.45,0,0,0
61.03,1,383,42.36,0,0,1
18.99,3,1934,3.38,1,1,1
54.98,3,814,5.56,0,0,0
8.47,2,808,4.12,0,0,0
3.14,1,1237,6.67,0,0,1
17.43,3,620,36.92,0,0,1
395.99,5,1383,12.84,0,0,0
95.7,4,697,20.1,0,0,0
405.14,3,783,10.1,1,0,0
67.98,4,1816,0.44,0,0,1
44.84,6,152,1.0,0,0,0
84.66,4,1222,11.58,0,0,0
69.47,2,281,19.03,0,0,1
13.4,2,1565,3.64,0,0,0
122.87,2,1878,19.2,0,0,0
29.21,2,1333,24.96,0,0,0
115.98,2,435,7.96,0,0,0
126.05,2,55,20.58,0,0,0
19.79,2,104,7.76,0,0,0
7.6,1,1963,17.01,0,0,0
182.11,2,73,21.66,0,0,1
73.9,1,422,72.29,0,0,1
7.19,4,1676,6.36,0,0,0
632.63,1,1042,7.94,0,1,1
7.14,4,468,2.72,1,1,1
142.51,2,1748,3.42,0,0,0
493.84,1,1442,17.73,0,0,1
32.8,4,479,37.34,0,0,0
18.41,4,819,7.53,0,0,1
15.53,4,515,2.97,0,0,1
43.36,2,1719,5.03,0,0,0
12.78,2,1106,9.11,0,1,0
141.38,2,93,5.15,0,0,0
7.72,2,68,3.99,0,0,0
85.46,2,1054,19.98,0,0,0
685.55,5,1491,0.12,0,0,1
201.82,1,927,11.62,0,0,0
114.61,1,166,23.68,1,0,0
43.88,5,1864,4.64,0,0,1
117.35,3,1362,13.87,0,0,0
89.85,2,1606,16.58,0,0,0
66.63,4,585,15.96,0,0,1
16.81,2,846,8.85,0,0,1
261.22,3,689,6.38,0,0,1
71.69,3,212,27.11,0,0,0
25.97,4,1674,21.31,0,1,0
55.02,4,1790,5.81,0,0,0
64.16,2,1139,1.63,0,0,0
210.91,2,1866,1.12,0,0,1
158.74,1,1155,1.49,1,0,0
176.0,6,327,13.12,0,1,1
1.33,4,1215,0.8,0,0,0
64.57,3,1648,6.16,0,0,1
78.78,2,1349,20.99,0,0,0
2.33,2,1847,5.23,0,0,0
36.1,2,1806,21.61,0,0,0
171.4,5,1658,20.52,0,0,0
17.7,1,415,4.23,1,0,0
91.97,3,995,19.57,0,1,1
29.08,1,958,20.66,0,0,0
1.46,1,1103,7.6,0,0,0
33.12,7,1193,3.54,0,0,1
446.93,6,1273,11.05,0,0,1
194.06,1,1556,38.15,0,0,1
385.0,5,1171,15.31,0,0,0
80.3,3,504,2.85,0,0,1
13.95,2,688,17.22,1,0,1
95.28,3,1280,8.36,0,0,1
72.7,3,1899,13.43,0,0,0
223.22,4,1576,19.87,0,0,0
12.39,6,1557,10.85,0,0,0
80.39,3,1276,25.23,0,0,0
19.51,3,1653,19.21,0,0,0
47.11,5,1369,14.32,0,0,1
160.44,0,1455,2.45,0,0,0
77.56,5,844,27.11,0,0,1
56.57,2,203,41.21,0,0,1
60.2,1,317,2.21,0,0,0
73.82,4,1678,10.05,1,0,1
184.46,4,1940,4.49,0,0,0
267.17,5,515,21.07,0,0,1
373.03,2,290,19.18,0,0,1
185.52,2,1836,2.28,1,0,1
45.47,4,684,31.44,0,0,1
139.82,4,1823,2.99,0,1,1
69.07,3,942,23.94,0,1,0
35.27,1,1472,9.16,0,0,0
220.57,1,724,5.97,0,0,1
4.7,1,617,2.58,0,0,0
278.44,1,492,2.75,0,0,0
74.27,4,1256,16.27,0,0,0
121.67,3,1782,11.99,0,1,0
129.23,4,126,1.95,0,1,1
270.59,3,977,1.79,0,1,1
121.49,3,201,1.13,1,0,1
114.21,3,797,20.43,1,0,1
8.28,0,627,18.67,0,0,1
87.68,6,525,0.9,0,0,0
19.53,4,1563,12.32,0,0,0
160.47,1,316,1.33,0,0,0
86.15,6,1997,35.11,0,0,0
136.82,1,541,35.65,0,0,0
5.11,3,131,17.97,1,0,1
10.63,6,658,39.09,1,0,1
151.19,3,601,25.03,0,0,1
8.98,1,1187,26.45,0,0,1
8.87,4,879,12.65,1,0,1
1.46,1,1570,5.48,1,0,0
376.2,4,1485,3.68,1,0,0
160.5,5,1202,5.94,0,0,0
52.3,1,68,14.85,0,0,0
42.21,2,310,2.84,0,0,0
51.64,5,562,4.49,0,0,1
178.81,9,1583,9.47,0,1,0
129.94,5,1150,3.98,0,0,1
24.58,4,1820,13.32,1,0,1
22.96,4,1815,38.49,1,0,0
12.43,4,1160,20.68,0,0,1
129.56,3,1438,16.47,1,0,1
173.46,2,408,13.11,0,1,1
36.95,2,524,10.04,0,0,0
2.54,7,814,3.1,0,1,0
10.29,4,1918,33.77,0,0,1
412.52,3,507,4.29,0,0,0
42.02,1,951,1.44,0,0,1
175.96,1,537,20.8,0,0,1
117.59,2,407,2.9,0,0,1
57.74,2,1298,6.98,1,0,0
27.63,4,1784,0.43,0,0,1
15.53,3,1296,2.21,0,0,0
114.55,4,1431,2.85,0,0,1
178.8,6,1679,0.84,0,0,1
123.91,2,1758,16.04,0,0,0
90.68,5,1560,27.21,0,0,1
5.14,1,445,7.01,0,0,1
414.89,4,849,31.14,0,0,1
192.36,2,1963,3.6,0,0,0
41.58,5,369,5.9,0,0,0
469.26,2,1162,2.45,0,0,1
110.52,4,873,14.54,1,1,1
104.79,2,643,8.17,0,0,1
165.43,6,1274,14.25,0,0,1
200.41,2,1660,21.51,1,0,0
128.22,0,1742,11.84,0,0,0
16.45,2,1255,14.82,0,0,0
49.55,3,223,41.06,1,0,1
315.87,2,925,5.33,0,0,0
30.53,4,601,6.67,0,0,0
55.86,2,1808,18.97,1,0,0
67.89,2,144,14.17,1,0,0
69.45,4,1851,2.95,0,0,0
113.9,1,763,7.08,0,0,0
343.92,1,395,9.46,0,0,1
33.04,4,1336,8.16,0,0,0
15.54,3,1815,2.95,0,0,1
26.4,8,1320,38.74,0,1,0
261.56,1,1595,21.55,0,0,0
124.55,4,1222,9.85,1,0,0
40.41,2,1330,17.09,1,0,1
203.1,2,1559,34.14,1,0,1
237.11,3,398,2.2,1,0,1
224.9,4,1492,4.32,0,0,0
301.49,3,753,11.74,0,0,0
34.88,4,1294,24.07,0,0,0
168.8,5,713,0.55,0,0,1
74.06,5,934,62.04,0,0,0
221.42,2,1748,9.1,0,0,0
156.45,5,782,6.68,1,1,1
179.77,3,1146,5.2,0,0,0
128.11,5,1919,2.87,0,0,0
23.44,3,873,23.52,0,1,0
94.5,6,1069,46.66,0,0,0
501.35,1,88,8.01,0,0,1
332.5,1,1308,45.68,0,0,1
5.3,4,1993,26.04,0,0,0
21.61,3,1311,9.84,0,0,0
16.95,7,683,16.81,0,0,0
155.35,2,321,8.56,0,1,0
204.31,0,1562,12.27,1,0,1
28.82,2,213,0.9,0,0,0
84.59,3,994,17.87,1,0,1
220.44,2,1985,0.81,0,0,1
158.37,3,26,25.48,0,0,1
93.77,3,1747,26.14,0,1,0
107.09,1,485,4.06,0,0,0
85.2,4,1544,5.87,0,1,1
42.38,4,1026,9.85,0,0,1
99.9,4,219,13.62,1,0,0
140.11,3,508,5.08,0,0,0
247.93,2,1435,13.47,0,0,0
121.37,2,438,5.3,0,1,1
171.82,2,1111,0.86,0,0,1
20.93,0,1601,0.04,0,0,0
74.29,4,1113,1.6,0,0,1
1.13,2,1339,23.57,0,0,1
33.99,4,67,48.83,0,0,1
155.56,2,1563,8.35,0,0,1
576.58,7,1241,10.78,0,0,1
12.53,5,1544,2.38,0,0,0
61.6,3,1168,12.01,0,0,1
193.18,1,1877,2.34,0,0,0
27.38,4,1003,14.17,0,0,0
97.18,1,531,40.6,0,0,0
158.49,2,590,3.27,0,0,0
114.85,2,1886,21.69,0,0,0
24.99,4,908,0.36,0,0,0
52.69,5,1116,7.06,0,0,0
183.78,2,630,1.76,0,0,0
96.95,2,1077,6.52,0,0,0
0.63,2,1516,2.86,0,0,0
171.75,3,975,7.01,0,0,1
4.31,4,919,8.11,0,0,0
164.32,1,1677,5.36,0,0,0
27.15,4,502,16.03,0,0,0
380.62,5,508,37.67,0,0,1
55.05,1,1051,7.68,0,0,1
47.51,2,614,3.2,0,0,0
19.35,3,957,4.74,0,0,1
43.77,1,303,28.86,0,1,0
251.13,3,1181,12.72,0,0,0
673.05,4,1505,9.1,0,0,0
55.12,4,181,2.43,0,0,1
71.44,3,1596,8.96,0,0,0
153.65,5,540,4.9,0,0,0
260.79,1,1153,43.01,0,0,0
107.89,4,1869,32.32,1,0,0
59.62,2,1770,1.31,0,0,0
63.85,1,75,10.91,0,0,0
142.74,4,150,3.82,0,0,0
0.39,3,455,7.93,0,0,1
115.98,2,1539,31.42,0,0,1
52.71,2,198,11.25,0,1,1
189.7,1,167,6.1,0,0,1
11.71,2,1643,3.5,1,1,0
106.47,4,679,24.17,0,0,1
78.7,4,1980,14.69,0,0,0
123.38,6,255,9.47,0,0,1
8.05,1,865,3.68,0,0,0
104.1,4,953,6.1,0,0,1
98.92,0,757,48.22,0,0,0
98.7,2,1066,11.01,0,0,1
111.01,2,1394,7.68,0,0,1
135.41,2,1786,11.05,0,0,0
196.16,1,339,22.64,0,0,1
37.74,3,521,6.24,0,0,1
209.19,5,859,2.95,0,0,0
82.76,1,1820,13.19,0,0,1
9.62,2,1104,16.41,0,0,0
7.24,5,1346,18.71,0,0,1
48.82,2,1948,32.05,0,1,1
184.4,2,1761,6.96,0,0,0
147.59,4,88,1.18,0,0,1
186.49,2,178,47.68,0,0,0
87.4,2,819,8.56,0,0,0
69.62,3,992,14.64,0,0,1
19.14,4,189,16.46,1,0,0
47.73,4,1661,11.86,0,0,1
68.3,4,269,3.45,0,0,1
11.13,5,1519,21.11,0,0,1
29.91,2,1805,24.43,0,0,0
109.42,0,1038,12.08,0,0,0
159.66,3,306,10.06,0,0,1
768.66,3,629,1.81,0,0,1
324.57,2,864,1.32,1,0,1
123.46,3,369,6.22,0,1,1
65.63,5,126,5.58,0,0,0
121.33,1,366,46.08,1,0,0
184.82,2,966,22.96,1,0,1
15.11,4,1876,16.18,0,0,1
63.3,2,448,10.94,0,0,1
219.76,0,1364,2.75,0,0,0
58.11,5,1558,57.57,0,0,0
101.8,0,1687,7.05,0,0,1
106.34,2,1221,1.7,0,0,0
24.47,3,1314,10.21,0,0,0
53.97,2,1544,31.07,0,0,0
48.87,6,1499,32.74,0,1,1
3.19,5,1148,0.17,0,0,0
2.94,3,1973,32.61,0,0,0
213.84,4,1269,4.75,0,0,1
38.27,5,1371,0.6,0,0,0
87.6,2,531,28.24,0,0,1
42.58,2,208,29.91,0,0,1
338.98,4,1797,13.6,0,1,1
36.02,4,1083,12.82,0,0,0
67.38,7,1973,25.16,0,0,0
247.37,6,1175,23.15,0,0,1
221.37,4,1816,33.12,0,0,1
24.71,3,1561,12.07,0,1,1
194.73,5,1547,51.47,0,0,0
73.54,2,679,83.38,0,1,0
79.16,6,1063,1.86,0,0,0
17.19,2,1115,28.41,0,0,0
10.08,6,40,10.39,0,0,1
156.21,3,1781,7.35,0,0,1
82.33,2,1017,14.24,0,0,0
68.91,5,342,0.86,0,1,1
156.9,3,669,10.59,0,0,0
174.04,2,186,30.71,0,0,1
20.77,2,379,3.6,1,0,1
113.06,1,556,8.34,1,0,0
17.45,4,544,42.07,0,0,1
167.02,2,1139,8.39,0,0,1
128.39,3,106,6.66,0,1,1
376.52,2,239,8.71,1,0,1
8.57,3,236,10.99,0,0,1
7.05,2,380,14.99,0,0,1
39.79,0,1133,24.19,0,0,0
