income,credit_score,employment_years,loan_amount,debt_to_income,loan_approved
141958,747,20,271317,0.67,1
35795,799,20,376513,0.5,1
20860,314,13,293544,0.56,0
123694,588,19,186517,0.73,1
148106,777,13,75305,0.38,1
139879,530,3,173636,0.33,1
130268,719,11,444030,0.11,1
96820,456,16,477963,0.68,1
74886,849,6,93791,0.66,1
26265,740,8,164034,0.17,1
102386,396,2,483108,0.5,0
148214,710,27,484058,0.42,1
57194,588,12,75533,0.18,1
107498,553,14,192256,0.79,1
132727,495,17,481128,0.25,1
146324,821,18,370735,0.15,1
64131,816,0,146650,0.52,1
80263,417,5,136060,0.62,1
36023,458,26,154696,0.12,1
61090,527,26,306338,0.56,1
87221,515,22,377047,0.47,1
84820,314,26,398605,0.17,1
20769,456,26,366447,0.22,1
79735,560,1,247188,0.5,1
82955,456,23,381047,0.31,1
84925,346,13,334535,0.76,1
141637,623,5,242501,0.67,1
87969,429,13,412010,0.79,1
25311,710,3,325146,0.28,1
123355,394,20,302675,0.78,1
124724,591,7,188887,0.4,1
103104,582,29,9986,0.34,1
73707,368,2,299442,0.14,1
105305,310,18,268625,0.14,1
48693,553,29,323552,0.58,1
91932,849,13,205339,0.42,1
147723,433,26,126950,0.26,1
113016,322,19,415051,0.53,1
126970,645,16,130355,0.28,1
45658,601,24,32798,0.5,1
104478,662,7,96649,0.35,1
142537,695,23,332031,0.68,1
38431,517,13,24477,0.67,1
22747,440,25,415482,0.43,1
143855,509,5,222400,0.35,1
79150,759,22,222060,0.35,1
85725,655,21,394959,0.66,1
149981,623,15,441742,0.33,1
104654,432,24,394570,0.25,1
55773,426,18,410105,0.16,1
139346,405,13,291479,0.43,1
87435,677,18,409470,0.44,1
76886,350,2,353754,0.69,1
86803,328,9,278586,0.25,1
51551,761,18,313433,0.37,1
136216,595,8,320891,0.67,1
31394,596,27,304471,0.68,1
89092,706,19,414415,0.37,1
23890,704,12,339971,0.42,1
61606,645,6,111464,0.31,1
116276,719,13,136184,0.75,1
145768,481,8,92051,0.18,1
100038,300,26,155653,0.75,1
107313,670,27,250300,0.58,1
30627,730,22,64722,0.47,1
28792,608,24,97036,0.12,1
128859,436,27,233634,0.43,1
128557,501,18,152595,0.39,1
93969,735,14,334104,0.21,1
63001,612,19,253709,0.56,1
96552,416,13,286696,0.78,1
43897,543,23,146880,0.49,1
88148,836,5,240419,0.6,1
141729,374,20,470741,0.15,1
144243,685,28,159692,0.39,1
140923,509,3,268031,0.18,1
140174,774,7,298946,0.53,1
43483,717,16,90024,0.76,1
144358,646,29,493765,0.56,1
68555,828,8,250809,0.15,1
145436,478,0,123639,0.35,1
37159,481,23,385392,0.49,1
130510,324,19,86938,0.38,1
126530,479,24,222813,0.68,1
100077,800,13,257100,0.67,1
55920,460,10,389890,0.53,1
112067,476,20,293193,0.36,1
87121,584,2,344933,0.28,1
89479,362,8,89526,0.17,1
109475,455,26,406062,0.35,1
39457,768,13,488779,0.39,1
86557,348,29,51220,0.57,1
97189,383,8,313307,0.56,1
129109,660,3,401981,0.15,1
98953,447,26,384270,0.38,1
72995,641,3,348630,0.23,1
60757,775,27,443486,0.21,1
29692,362,7,80277,0.68,1
65758,659,1,486494,0.13,1
149425,626,8,488455,0.39,1
92409,440,28,371389,0.22,1
91211,514,13,127332,0.72,1
85697,734,21,239231,0.49,1
57065,617,8,27931,0.26,1
112093,331,23,94116,0.45,1
119299,584,22,256671,0.61,1
149293,604,15,322777,0.77,1
52606,728,28,478918,0.25,1
147791,776,29,56913,0.72,1
31534,585,16,255216,0.75,1
114663,443,15,99776,0.74,1
60397,723,29,30991,0.54,1
146678,318,11,190917,0.54,1
111387,317,2,109092,0.38,1
21016,670,10,234577,0.63,1
109789,474,13,191384,0.47,1
75591,493,17,408777,0.57,1
109812,801,20,415117,0.4,1
43247,412,20,242113,0.61,1
44300,413,4,100556,0.68,1
94065,521,15,330019,0.2,1
102798,563,19,161989,0.68,1
29268,354,4,329264,0.48,1
106807,757,2,400204,0.69,1
32185,461,11,377185,0.4,1
83704,679,0,133467,0.37,1
106779,386,20,412472,0.74,1
59099,354,28,385634,0.28,1
28571,775,8,223800,0.69,1
143372,477,28,131155,0.44,1
125512,690,8,295374,0.46,1
58044,648,3,64778,0.32,1
71214,307,2,50833,0.5,1
81228,612,16,289769,0.33,1
134752,742,1,37088,0.13,1
68984,627,23,215722,0.29,1
60774,353,0,439383,0.1,1
22568,538,7,371081,0.78,1
140151,528,12,469507,0.78,1
82592,350,22,201375,0.38,1
87563,563,14,81361,0.61,1
22695,717,7,355373,0.34,1
144375,395,11,140189,0.57,1
68190,387,21,95265,0.66,1
25258,377,11,102718,0.76,1
107538,587,13,327854,0.38,1
59504,419,14,492642,0.65,0
53159,790,14,99876,0.29,1
33986,751,8,465270,0.79,1
81858,799,18,35949,0.12,1
149312,464,25,420763,0.52,1
32666,481,19,217954,0.56,1
58660,768,28,335280,0.58,1
23561,306,21,116541,0.18,1
46854,629,7,200691,0.76,1
84505,450,20,66842,0.23,1
124488,384,18,493019,0.54,1
72251,446,5,237930,0.26,1
42662,680,19,294134,0.32,1
28392,847,24,152265,0.48,1
50535,584,28,297253,0.39,1
98603,381,18,135356,0.21,1
133569,813,3,417449,0.22,1
72256,822,22,249629,0.39,1
109135,685,6,217802,0.63,1
147478,770,27,395277,0.73,1
55222,418,27,170582,0.16,1
97373,695,3,268450,0.38,1
99575,831,21,8849,0.17,1
143684,560,11,17360,0.11,1
116354,555,12,378216,0.56,1
104651,525,2,258279,0.52,1
83335,352,21,99767,0.21,1
30965,799,11,266445,0.26,1
44538,805,1,181872,0.12,1
128066,663,23,435179,0.68,1
90592,579,1,59330,0.78,1
118018,457,26,56707,0.19,1
133252,358,22,285833,0.26,1
28110,427,8,34084,0.71,1
99309,414,0,45387,0.75,1
47266,508,7,341960,0.39,1
72992,825,22,7642,0.14,1
102948,820,5,309281,0.13,1
142073,536,5,478048,0.5,1
118806,580,21,191633,0.38,1
26910,658,24,329404,0.12,1
130989,500,17,151510,0.51,1
110982,577,16,315586,0.11,1
141626,534,28,370205,0.65,1
139176,793,11,401210,0.31,1
20206,303,5,259511,0.13,1
107054,741,25,392988,0.51,1
107897,328,26,366719,0.38,1
142409,408,7,268957,0.78,1
43419,374,18,360171,0.48,1
70636,445,27,390633,0.29,1
142546,427,9,89381,0.6,1
134238,341,0,254880,0.29,1
70015,655,24,322420,0.73,1
137478,340,28,308387,0.36,1
142096,333,12,198984,0.48,1
127059,316,16,65272,0.14,1
74268,452,2,178123,0.4,1
130687,677,7,477070,0.68,1
107939,641,13,218808,0.66,1
38141,326,2,258091,0.26,1
100356,586,15,332762,0.26,1
125878,467,12,269064,0.67,1
91910,567,19,111121,0.75,1
76044,754,23,475435,0.17,1
87214,700,16,81872,0.42,1
137930,775,12,348276,0.34,1
139324,429,28,269237,0.71,1
53827,662,5,280049,0.16,1
75820,591,16,126759,0.25,1
82623,670,13,422567,0.63,1
101734,328,16,298125,0.14,1
95450,448,29,341047,0.44,1
113426,595,7,337965,0.41,1
137845,310,10,376344,0.33,1
42299,811,19,87289,0.38,1
63585,412,27,121506,0.47,1
129225,486,0,482237,0.21,1
84044,526,25,83513,0.5,1
62557,609,6,418090,0.66,1
69080,397,20,187003,0.63,1
129556,354,20,405890,0.21,1
22693,705,16,317660,0.2,1
115003,368,29,264480,0.29,1
115259,611,9,267043,0.35,1
132235,588,10,492790,0.39,1
89163,847,21,196758,0.58,1
45939,447,29,493067,0.14,1
68925,766,8,336356,0.12,1
62941,543,8,138498,0.37,1
41834,790,23,259024,0.59,1
38047,806,4,135970,0.24,1
46105,664,16,95009,0.55,1
95766,781,8,204570,0.28,1
35707,500,16,428159,0.72,1
41976,453,23,202467,0.73,1
64262,749,20,49816,0.31,1
145117,800,18,9138,0.26,1
43776,372,26,498944,0.39,1
50080,595,6,96176,0.27,1
148376,316,22,343089,0.57,1
86842,516,8,271161,0.68,1
81373,360,6,277595,0.57,1
26776,341,12,199028,0.68,1
112787,324,10,361007,0.38,1
147948,338,13,277422,0.21,1
75016,430,18,226552,0.62,1
29474,797,10,48764,0.35,1
125830,528,12,128030,0.57,1
78053,407,13,399350,0.29,1
41959,471,12,330087,0.16,1
25530,734,0,100667,0.79,1
114856,777,7,321462,0.21,1
139101,401,11,370567,0.79,1
23748,823,18,371142,0.78,1
117504,574,11,65128,0.66,1
118098,343,7,224128,0.56,1
33545,316,7,289013,0.5,1
147659,629,28,238540,0.71,1
86199,796,20,10039,0.3,1
54766,311,12,157353,0.43,1
93530,617,11,117935,0.53,1
113557,515,28,15442,0.39,1
81087,638,15,340932,0.4,1
115839,380,0,386873,0.33,1
136183,784,12,294730,0.49,1
88840,673,25,58053,0.7,1
138451,499,6,186561,0.24,1
74384,836,27,219176,0.75,1
71005,765,25,91346,0.58,1
66576,388,4,334231,0.68,1
59353,567,7,410841,0.49,1
82003,788,24,39397,0.65,1
103211,837,26,325815,0.11,1
72733,346,13,121214,0.67,1
85318,587,22,490001,0.13,1
129953,315,29,334041,0.72,1
109474,700,12,162221,0.79,1
43664,385,14,458246,0.31,1
87172,549,22,468122,0.25,1
105616,690,16,403499,0.64,1
145879,634,14,405826,0.28,1
113264,818,19,441542,0.71,1
135386,436,17,282068,0.17,1
46736,797,17,118143,0.19,1
114209,776,1,377397,0.79,1
123041,522,3,474378,0.57,1
132859,671,29,367441,0.69,1
132181,701,0,268013,0.33,1
20854,742,3,364232,0.57,1
110084,789,17,268158,0.52,1
58623,572,4,15103,0.52,1
27392,825,18,480738,0.58,1
75680,458,14,377461,0.5,1
146354,451,27,494223,0.4,1
66717,487,7,431674,0.29,1
139937,397,19,488821,0.64,1
107092,430,16,87409,0.26,1
70859,470,0,28248,0.58,1
145657,482,11,487376,0.26,1
124095,663,25,179588,0.54,1
46309,338,18,427277,0.62,1
107455,826,14,160242,0.25,1
83734,796,8,13024,0.14,1
90467,815,6,480430,0.19,1
72662,648,1,239864,0.52,1
118506,696,28,353091,0.69,1
129751,460,8,179875,0.13,1
138906,315,9,417512,0.61,1
32688,792,1,358973,0.34,1
45342,725,18,359852,0.43,1
57157,407,10,353808,0.75,0
87863,749,12,416473,0.33,1
126308,610,9,148927,0.43,1
72083,469,13,90178,0.11,1
126081,845,17,368265,0.16,1
85733,713,18,287169,0.28,1
109045,550,21,402674,0.12,1
54698,440,8,68610,0.54,1
130078,573,24,75843,0.4,1
100623,715,6,112237,0.48,1
42671,338,27,482177,0.22,1
45184,328,2,185903,0.31,1
113384,776,19,179499,0.56,1
62107,617,5,492025,0.78,1
106202,544,26,135299,0.14,1
129893,571,20,436722,0.72,1
71663,739,1,10668,0.5,1
35708,538,28,227542,0.49,1
111906,676,5,183267,0.45,1
69811,565,2,340377,0.15,1
22811,658,15,160489,0.16,1
76250,639,29,349126,0.52,1
132547,688,7,111133,0.34,1
92082,302,1,277895,0.74,1
144249,728,16,313362,0.38,1
54754,441,8,393793,0.2,1
115742,675,29,274496,0.6,1
126642,623,11,215124,0.31,1
31411,445,2,93835,0.47,1
22911,592,10,102493,0.59,1
87270,731,0,296071,0.73,1
103763,698,22,177166,0.65,1
28680,643,12,106948,0.57,1
104896,439,14,190194,0.58,1
103879,486,25,34493,0.76,1
91295,360,4,490463,0.31,1
108614,679,20,471755,0.1,1
120689,739,29,298851,0.29,1
31111,618,16,204886,0.25,1
57504,601,24,143368,0.56,1
21802,643,22,161470,0.54,1
28155,310,23,302986,0.52,1
93656,361,24,18261,0.11,1
59384,525,5,81709,0.61,1
132561,452,27,100985,0.33,1
67254,609,20,373760,0.57,1
41918,542,21,454920,0.49,1
105981,792,10,334317,0.34,1
80713,665,17,298925,0.19,1
50306,629,3,280796,0.17,1
36646,406,2,272247,0.68,1
66843,525,12,292644,0.74,1
140975,517,22,251404,0.55,1
116601,805,8,105336,0.17,1
110735,558,20,433745,0.38,1
127512,816,5,118499,0.61,1
36371,353,25,154524,0.65,1
97371,346,29,316537,0.18,1
131472,820,27,429390,0.1,1
22049,398,11,462666,0.6,1
51616,319,1,171508,0.35,1
123727,789,2,314550,0.28,1
132893,718,2,330203,0.11,1
146603,361,27,152026,0.48,1
40932,444,11,349866,0.7,1
137796,515,14,255819,0.77,1
49855,302,8,17356,0.5,1
81434,459,22,133128,0.46,1
92694,419,7,496715,0.16,1
63016,388,10,7187,0.48,1
27400,628,15,344387,0.37,1
137858,656,25,302242,0.52,1
62642,566,26,490687,0.37,1
35151,622,24,157297,0.27,1
71407,840,21,139678,0.17,1
86690,494,3,324764,0.32,1
24499,631,27,431044,0.17,1
26295,469,0,131270,0.22,1
140885,820,23,424705,0.79,1
146071,762,6,281531,0.41,1
79040,339,1,336607,0.47,1
32183,836,23,470048,0.71,1
49299,560,27,494196,0.8,1
32874,694,4,247998,0.51,1
136336,525,6,400807,0.67,1
52711,423,3,246503,0.33,1
25539,337,4,446732,0.31,1
127941,627,23,358827,0.38,1
73351,550,0,67061,0.57,1
81267,475,0,240497,0.58,1
143133,753,14,464952,0.32,1
68354,336,19,86257,0.19,1
146063,615,18,66753,0.54,1
22557,413,28,351918,0.19,1
58360,339,9,409303,0.5,1
102018,600,27,429032,0.59,1
22200,523,17,28408,0.59,1
132476,617,27,129116,0.63,1
88497,648,2,136208,0.71,1
66975,414,10,22413,0.45,1
41357,622,14,118650,0.61,1
139121,339,26,64500,0.53,1
97505,339,29,351658,0.23,1
22869,588,10,61358,0.12,1
146114,561,16,71197,0.3,1
81135,515,16,498992,0.41,1
70108,446,5,228861,0.53,1
132296,635,4,228492,0.69,1
114179,467,7,266545,0.24,1
110272,391,1,431070,0.19,1
58467,652,15,81240,0.77,1
43328,662,19,240595,0.18,1
139181,644,23,226135,0.43,1
111412,469,11,283466,0.51,1
106831,655,5,380197,0.48,1
23987,490,0,11968,0.16,1
78871,721,3,294662,0.14,1
42399,306,16,319069,0.17,1
148391,432,12,195920,0.51,1
66214,330,17,379044,0.48,1
119522,834,4,360566,0.26,1
106416,725,29,268844,0.55,1
90271,693,23,360926,0.67,1
64064,662,23,237076,0.13,1
145615,736,26,28199,0.45,1
90091,381,2,442805,0.58,1
127450,655,10,168187,0.28,1
60818,557,12,460150,0.32,1
65525,823,3,190388,0.53,1
39830,594,25,10520,0.73,1
37429,523,26,114814,0.67,1
26893,824,13,172527,0.51,1
136381,345,21,251356,0.61,1
99909,412,10,484681,0.36,1
67333,532,26,128364,0.55,1
23436,316,9,439821,0.43,1
94290,659,18,19955,0.23,1
96213,522,17,180121,0.59,1
25895,747,5,149989,0.49,1
39738,664,26,468509,0.35,1
50746,625,28,476797,0.74,1
69377,766,14,255144,0.11,1
68404,713,20,69925,0.32,1
74045,754,29,374360,0.14,1
117888,532,9,75269,0.64,1
149307,523,4,429170,0.59,1
59790,711,25,494887,0.33,1
127455,634,28,470833,0.57,1
25600,521,4,308602,0.38,1
114660,336,9,356181,0.63,1
113179,577,27,157185,0.42,1
60764,495,4,104977,0.39,1
94543,783,2,488442,0.75,1
65714,541,22,311083,0.28,1
76835,623,5,34345,0.18,1
122946,491,3,260688,0.51,1
148191,316,17,444529,0.78,1
129616,823,27,377251,0.36,1
125983,700,8,389010,0.14,1
93744,321,16,490581,0.34,1
76491,773,28,266798,0.45,1
144123,419,12,498814,0.21,1
38589,509,26,336310,0.56,1
63484,605,14,183933,0.8,1
102989,569,29,102406,0.42,1
56212,584,19,316442,0.35,1
63525,526,16,445437,0.38,1
67202,680,12,312086,0.18,1
52635,759,15,8453,0.72,1
83208,306,21,107811,0.39,1
53828,328,3,59935,0.37,1
38711,332,4,389583,0.56,1
23420,378,4,179442,0.41,1
116752,758,8,275472,0.55,1
20301,837,16,20534,0.14,1
65236,781,12,352424,0.67,1
135294,729,1,483141,0.76,1
137858,584,12,41320,0.55,1
86235,815,21,54170,0.77,1
74240,398,20,105546,0.21,1
144019,696,26,85201,0.43,1
85726,788,22,239473,0.52,1
30492,338,18,275784,0.51,1
135668,570,2,236324,0.38,1
121279,456,9,489273,0.34,1
26102,374,1,166121,0.19,1
70336,429,12,403834,0.37,1
138015,383,18,238612,0.21,1
105314,321,25,192125,0.61,1
143007,758,16,400136,0.25,1
46641,838,20,311081,0.14,1
54584,681,13,205796,0.49,1
52745,739,11,148279,0.52,1
140542,320,20,201846,0.71,1
43093,602,11,169044,0.5,1
86105,383,10,409015,0.34,0
123746,752,6,207160,0.66,1
120199,686,3,427132,0.48,1
71885,806,18,75463,0.16,1
56631,556,0,98500,0.5,1
131217,826,27,212772,0.74,1
92991,461,23,42158,0.38,1
24014,462,28,89607,0.31,1
31093,823,2,386783,0.2,1
38070,570,12,250017,0.21,1
55777,791,14,338840,0.4,1
76958,507,1,328654,0.52,1
102074,838,10,125076,0.16,1
30729,359,3,63692,0.76,1
119713,729,18,135841,0.63,1
65017,608,28,197816,0.51,1
86320,819,16,282954,0.68,1
47751,326,2,403342,0.16,1
126400,498,27,166081,0.43,1
125864,686,17,497336,0.54,1
98069,648,7,116718,0.68,1
125647,835,21,358076,0.65,1
125510,677,24,5192,0.29,1
74748,826,23,252536,0.76,1
25801,452,25,41413,0.19,1
39190,505,18,148888,0.71,1
69689,754,4,44082,0.78,1
124290,572,6,332192,0.22,1
70993,535,20,128130,0.61,1
49592,820,7,55940,0.13,1
30647,800,27,168202,0.38,1
28716,416,4,45142,0.46,1
108891,685,16,41468,0.51,1
107545,643,4,428914,0.76,1
137638,694,3,146727,0.57,1
109912,363,21,183969,0.44,1
130627,371,18,428291,0.67,1
90316,573,26,407575,0.77,1
146995,619,20,396192,0.12,1
22368,637,1,241187,0.79,1
97575,665,10,47056,0.16,1
26655,794,21,56831,0.67,1
126477,465,12,326335,0.3,1
90031,843,14,254664,0.19,1
96429,310,11,389092,0.41,1
111083,600,21,431488,0.55,1
107922,401,20,113117,0.37,1
75766,724,21,281815,0.14,1
144046,691,10,294192,0.52,1
33403,513,6,474490,0.73,1
52097,387,27,293107,0.37,1
98657,700,4,48954,0.25,1
140607,345,16,470525,0.41,1
30966,762,23,238192,0.13,1
144862,609,19,362574,0.67,1
119157,385,8,5717,0.68,1
138834,391,13,278820,0.51,1
113848,541,25,402650,0.35,1
72921,301,11,185882,0.66,1
69726,524,5,123696,0.49,1
146141,415,16,492852,0.68,1
70300,402,18,397974,0.54,1
42677,493,18,9994,0.65,1
75609,465,25,271378,0.52,1
116825,389,15,74300,0.39,1
76661,421,11,311093,0.77,1
51024,442,11,42405,0.48,1
128211,405,19,302016,0.52,1
90313,727,5,309359,0.25,1
147813,604,22,28185,0.54,1
73006,616,25,179514,0.5,1
115285,308,3,449975,0.23,1
35338,372,5,308297,0.14,1
88027,658,10,344679,0.52,1
112772,522,0,138653,0.63,1
133632,715,29,56717,0.47,1
100135,669,23,7763,0.26,1
39508,563,22,360054,0.57,1
140379,617,14,60480,0.16,1
23051,383,26,174831,0.41,1
68747,617,10,212139,0.21,1
134692,410,24,123094,0.23,1
107142,550,18,161379,0.24,1
107235,682,17,232443,0.37,1
74021,306,16,16064,0.14,1
86412,758,18,81848,0.38,1
78335,383,20,42548,0.46,1
76179,507,13,173017,0.44,1
52093,689,26,446153,0.37,1
89678,613,17,273620,0.69,1
100738,321,27,449972,0.2,1
59734,709,18,357245,0.45,1
92615,814,14,7382,0.14,1
93523,426,14,447899,0.15,1
125103,313,3,486215,0.5,1
114476,311,6,181348,0.5,0
122769,386,12,431618,0.71,1
37019,823,2,490097,0.49,1
131721,836,15,425162,0.77,1
103613,600,8,84698,0.13,1
111794,542,7,250762,0.17,1
106672,421,19,248381,0.13,1
93847,446,12,472149,0.23,1
102750,655,16,420551,0.48,1
99634,608,16,50095,0.55,1
48251,587,16,478146,0.13,1
123481,606,0,397118,0.76,1
132566,848,7,294341,0.69,1
45945,651,18,394763,0.31,1
110852,611,5,27010,0.15,1
52217,358,2,422339,0.22,1
28308,334,26,355067,0.19,1
25949,744,4,138962,0.19,1
71990,392,12,491521,0.46,1
21150,506,14,397670,0.27,1
109480,652,13,114162,0.35,1
120235,631,28,388071,0.79,1
94740,458,22,275170,0.58,1
136352,323,15,332069,0.76,1
86617,703,17,73842,0.2,1
114841,815,21,300809,0.37,1
36896,663,28,276421,0.49,1
145729,681,21,178311,0.15,1
66175,831,10,445880,0.1,1
27805,451,2,315152,0.57,1
25237,719,21,281827,0.55,1
135247,549,9,136742,0.39,1
40056,416,9,225283,0.44,1
65543,811,29,153961,0.39,1
76556,634,20,453828,0.12,1
134548,717,15,180607,0.33,1
131488,594,11,345686,0.22,1
23343,670,1,321463,0.17,1
33500,485,8,250144,0.77,1
73222,545,23,359211,0.52,1
49375,567,2,157711,0.61,1
29662,536,23,200784,0.32,1
36964,829,29,414849,0.38,1
133429,320,24,257217,0.27,1
141692,819,29,432876,0.17,1
79638,399,14,336119,0.23,1
93666,777,2,168244,0.66,1
105067,597,18,457413,0.57,1
138937,825,17,106158,0.48,1
87215,633,7,457063,0.43,1
89042,301,25,278721,0.75,0
33284,674,16,344443,0.15,1
92789,592,7,287320,0.3,1
104664,617,6,442602,0.34,1
113468,801,29,68972,0.65,1
81389,680,6,387162,0.79,1
29435,313,2,488007,0.27,1
74340,803,0,439219,0.71,1
64078,530,3,287140,0.68,1
98832,383,24,105922,0.26,1
71293,429,4,353742,0.38,1
115981,444,0,40931,0.39,1
98781,327,14,129168,0.78,1
80403,365,4,171782,0.23,1
49124,462,12,128099,0.66,1
115435,528,7,39693,0.33,1
63919,560,7,433956,0.61,1
128761,748,4,475457,0.39,1
141305,723,27,113944,0.5,1
55247,759,8,229655,0.68,1
141172,600,0,212574,0.66,1
114758,602,3,284518,0.71,1
111747,586,2,474890,0.14,1
82752,694,1,252572,0.58,1
76573,309,7,348615,0.2,1
79101,569,22,50913,0.39,1
122756,660,8,390827,0.48,1
46646,556,1,202097,0.38,1
124185,432,13,311660,0.46,1
43049,575,13,92796,0.8,1
99605,812,3,293213,0.19,1
118116,612,29,385477,0.57,1
117379,583,5,454449,0.38,1
88385,420,10,89811,0.19,1
146131,406,2,195121,0.21,1
60158,503,7,237892,0.76,1
85417,464,2,385172,0.72,1
43289,604,13,44178,0.73,1
130226,796,27,299965,0.79,1
120793,455,12,449943,0.25,1
29823,666,12,459151,0.35,1
80160,550,1,21999,0.57,1
61975,633,12,460738,0.44,1
29540,810,28,305856,0.39,1
36364,592,18,200623,0.35,1
24611,319,26,176244,0.52,1
47663,581,5,300866,0.5,1
71991,300,15,277769,0.21,1
77679,418,1,203237,0.43,1
124182,334,7,474725,0.49,1
50977,497,16,11859,0.5,1
114704,784,22,439825,0.25,1
69115,358,1,441523,0.62,1
111007,460,9,115986,0.12,1
108223,505,27,237654,0.35,1
80890,311,15,288983,0.65,1
86387,789,5,294360,0.49,1
38071,575,27,320097,0.28,1
79275,541,1,482697,0.59,1
92369,515,1,458809,0.5,1
31938,550,25,470291,0.66,1
55195,425,12,54522,0.61,1
111680,516,23,235233,0.53,1
24000,605,14,403102,0.44,1
90588,484,27,378393,0.19,1
121042,338,1,12485,0.28,1
113610,522,6,429671,0.39,1
140420,483,2,248056,0.52,1
123691,794,7,414983,0.46,1
126306,726,22,117701,0.3,1
117856,477,13,426669,0.1,1
58304,727,23,212352,0.45,1
131783,593,29,107638,0.3,1
89449,450,22,189514,0.61,1
102986,683,26,450093,0.12,1
109643,607,21,279370,0.51,1
40764,635,28,98405,0.76,1
128940,674,6,289732,0.22,1
106027,307,20,215048,0.43,1
58494,640,6,167781,0.16,1
23373,428,0,446004,0.54,1
32161,651,16,486247,0.49,1
117532,657,8,42019,0.39,1
112658,816,29,443164,0.46,1
143633,794,20,266497,0.73,1
120386,385,12,70133,0.24,1
47350,474,20,381588,0.12,1
113008,492,18,202530,0.7,1
114297,610,20,384747,0.5,1
45351,418,18,163598,0.72,1
108668,517,24,471709,0.52,1
134585,726,24,133585,0.67,1
35305,713,21,450414,0.4,1
95353,413,16,250172,0.62,1
96797,444,22,497750,0.74,1
85953,837,22,310539,0.5,1
77458,602,29,422247,0.23,1
127112,644,9,473758,0.29,1
40358,300,9,130814,0.24,1
23267,446,3,435917,0.27,1
102745,586,7,379743,0.31,1
109588,352,21,30939,0.49,1
58513,603,19,447361,0.51,1
46092,368,19,418540,0.4,1
31338,660,17,158939,0.53,1
20412,519,13,267347,0.16,1
27543,460,17,414760,0.16,1
125891,388,27,414115,0.22,1
53496,458,13,296207,0.46,1
80692,788,19,95880,0.25,1
109084,623,20,8748,0.3,1
112920,680,23,241094,0.38,1
143555,401,14,384413,0.67,1
64425,793,21,464845,0.11,1
58756,318,29,347908,0.55,1
38888,753,3,156956,0.57,1
55735,781,12,161255,0.66,1
67295,696,26,479786,0.75,1
137474,578,22,469462,0.11,1
134352,664,7,375180,0.21,1
103042,630,17,155331,0.72,1
105999,643,11,172031,0.42,1
37955,754,22,383669,0.5,1
57841,364,13,431673,0.56,1
90640,375,1,352823,0.58,1
85510,442,17,130829,0.75,1
54911,772,23,133216,0.8,1
79031,716,1,400319,0.6,1
108726,604,10,70901,0.3,1
27357,796,8,248386,0.72,1
52479,590,11,180607,0.13,1
81476,401,16,414319,0.26,1
64811,566,14,103046,0.73,1
56208,302,24,357156,0.28,1
40150,384,16,83278,0.25,1
91180,627,25,279535,0.2,1
63286,749,28,107476,0.7,1
132856,753,25,427117,0.45,1
88450,520,17,387865,0.57,1
41352,453,21,102537,0.27,1
75069,311,5,348303,0.63,1
131888,432,16,466130,0.63,1
130448,603,22,398184,0.32,1
34397,592,23,186429,0.39,1
61555,599,17,222980,0.25,1
66959,342,7,436653,0.78,1
20728,642,8,302647,0.55,1
70517,625,5,494498,0.75,1
139180,797,4,491675,0.31,1
86234,663,11,80403,0.65,1
59954,726,24,439474,0.64,1
67280,320,28,431940,0.58,1
99459,706,27,69286,0.78,1
36779,635,10,341986,0.38,1
83932,416,24,109927,0.19,1
92936,423,0,282052,0.57,1
44466,698,10,490833,0.61,1
56939,350,18,448842,0.5,1
89896,623,8,304372,0.24,1
55270,440,26,28386,0.45,1
79163,769,1,182826,0.32,1
102637,633,11,295446,0.4,1
71934,672,3,327959,0.55,1
84895,793,3,257156,0.62,1
52307,838,17,482964,0.26,1
74098,455,14,330488,0.38,1
80921,590,18,433834,0.29,1
25486,443,12,378747,0.24,1
28335,405,18,474450,0.65,1
106900,719,16,328258,0.74,1
146020,301,5,253724,0.36,1
141954,389,15,206202,0.63,1
122795,644,23,30525,0.73,1
109112,649,11,84818,0.69,1
117203,758,18,119589,0.23,1
31130,562,4,150406,0.77,1
107508,650,16,99715,0.36,1
125955,407,25,198839,0.34,1
138324,338,22,273788,0.14,1
80566,458,25,368298,0.44,1
86703,611,28,431149,0.18,1
47192,540,0,262438,0.27,1
21062,744,27,310613,0.32,1
104076,597,26,431903,0.67,1
109780,335,24,373753,0.71,0
41545,383,23,450872,0.31,1
41689,751,22,415591,0.7,1
31174,684,9,332350,0.7,1
108461,471,14,363606,0.64,1
146174,675,22,172679,0.2,1
123033,661,20,88178,0.58,1
29348,440,20,422209,0.76,1
43714,417,10,180458,0.58,1
58102,576,12,259466,0.33,1
94460,519,4,444503,0.45,1
122634,325,0,91724,0.55,1
109930,820,23,234204,0.46,1
26801,309,11,491524,0.18,1
123150,677,10,101393,0.32,1
92267,451,16,394458,0.66,1
68136,348,3,81312,0.7,1
43625,453,14,496587,0.2,1
102873,592,24,342468,0.77,1
120843,349,29,76196,0.33,1
92592,830,8,75014,0.56,1
97052,359,20,406426,0.63,1
64261,466,19,146994,0.67,1
21542,501,18,434505,0.76,1
41677,445,18,38340,0.32,1
66732,738,11,306994,0.7,1
70343,541,4,455200,0.19,1
59081,782,9,118711,0.59,1
82856,407,16,220250,0.62,1
113105,525,4,16094,0.57,1
108858,731,21,355103,0.28,1
39065,718,15,431634,0.71,1
144097,754,6,272885,0.22,1
103460,459,27,116585,0.14,1
108092,822,8,470590,0.6,1
146116,376,2,389708,0.43,1
74693,808,14,73798,0.69,1
46962,740,15,383170,0.37,1
48295,553,17,206604,0.22,1
33807,619,13,115130,0.69,1
62348,562,2,289308,0.48,1
46432,673,11,171667,0.23,1
103285,466,8,35257,0.6,1
126995,758,27,412427,0.46,1
111792,579,6,363133,0.52,1
77854,601,8,403448,0.42,1
60262,830,12,465969,0.68,1
57080,517,17,57691,0.68,1
21324,401,4,487981,0.6,1
111267,587,12,84768,0.17,1
144707,466,3,423829,0.69,1
55909,335,1,19026,0.57,1
109339,652,15,451751,0.59,1
39870,372,8,230162,0.35,1
54578,652,8,298052,0.72,1
92124,369,5,450329,0.61,1
137611,724,10,24610,0.18,1
123605,816,21,182718,0.39,1
46790,727,23,330329,0.72,1
138874,838,21,339711,0.13,1
45289,459,0,183646,0.77,1
75129,448,3,227123,0.58,1
113714,529,12,303326,0.54,1
114246,366,22,383280,0.29,1
35485,680,12,398786,0.27,1
64482,357,12,496006,0.76,1
106188,558,1,24288,0.31,1
24748,641,8,345968,0.64,1
106769,429,23,428093,0.38,1
29435,471,7,89425,0.2,1
23709,508,6,5917,0.11,1
143961,653,3,342746,0.48,1
50355,770,17,493256,0.78,1
75771,415,2,331719,0.36,1
77799,563,27,339662,0.35,1
33116,741,5,258187,0.34,1
45470,847,11,44104,0.46,1
62344,752,11,154134,0.41,1
62918,776,20,284143,0.72,1
72224,586,27,267091,0.45,1
59298,602,7,460061,0.46,1
128492,610,21,408157,0.2,1
100219,507,21,66169,0.79,1
81629,745,0,159542,0.27,1
86040,354,3,134744,0.15,1
119518,311,20,377828,0.56,1
119835,699,27,64821,0.52,1
48016,814,10,222741,0.39,1
43960,841,2,254265,0.4,1
53591,536,12,442651,0.65,1
102848,578,24,402745,0.24,1
123333,647,16,219127,0.67,1
131732,403,21,279336,0.55,1
134821,816,21,341246,0.39,1
87641,547,9,208834,0.42,1
56395,663,20,239538,0.28,1
131276,620,11,382038,0.63,1
149695,585,14,91795,0.46,1
42700,448,20,170159,0.32,1
54620,383,9,333821,0.52,1
123214,705,13,140699,0.8,1
148148,755,12,454757,0.4,1
40559,460,4,248877,0.74,1
113045,759,5,204298,0.34,1
113396,849,23,401471,0.14,1
81642,799,1,193505,0.24,1
96539,808,21,141285,0.39,1
41732,780,16,107412,0.25,1
148675,413,3,24404,0.1,1
111362,660,13,121545,0.74,1
50354,640,9,423596,0.69,1
33843,748,2,227128,0.62,1
130008,479,24,155245,0.22,1
134065,706,2,189099,0.18,1
91726,495,14,291133,0.15,1
37640,765,5,266657,0.61,1
72528,610,16,375250,0.75,1
58413,561,11,291663,0.4,1
148142,718,21,261875,0.18,1
72638,705,19,289583,0.46,1
72736,442,23,385714,0.34,1
127892,641,28,475165,0.36,1
130133,615,10,19995,0.53,1
126357,400,24,28559,0.6,1
88866,543,3,356193,0.18,1
39087,789,25,403237,0.12,1
61430,311,27,103000,0.8,1
44504,538,25,157191,0.26,1
27114,341,5,449755,0.14,1
98859,728,0,493051,0.23,1
119657,457,19,306494,0.13,1
30975,515,22,444439,0.37,1
31023,761,27,30517,0.66,1
41447,433,15,476869,0.34,1
110469,366,14,420466,0.41,1
145899,306,16,220558,0.57,1
43959,825,7,481111,0.46,1
86203,372,27,356276,0.7,1
139156,698,25,489282,0.71,1
49703,704,11,465014,0.11,1
29337,429,26,452415,0.64,1
66427,765,21,326690,0.42,1
141507,505,20,110686,0.79,1
81529,565,9,93151,0.44,1
122023,836,26,270471,0.79,1
104665,552,14,125318,0.63,1
125787,588,29,427984,0.27,1
51921,463,8,200490,0.48,1
53307,394,1,492602,0.79,1
47355,409,4,178860,0.7,0
123268,635,5,120945,0.17,1
147016,537,6,218456,0.59,1
24835,680,20,313974,0.34,1
40159,735,24,57446,0.1,1
124346,782,0,413376,0.38,1
67605,324,22,192655,0.26,1
141790,416,25,432214,0.67,1
125616,781,6,425446,0.34,1
58088,691,19,145148,0.68,1
98752,836,24,74341,0.1,1
75284,378,29,36085,0.32,1
77043,472,11,322715,0.27,1
145388,311,15,412931,0.26,1
55547,427,15,395452,0.15,1
117007,391,10,10750,0.23,1
102844,842,20,381075,0.49,1
47532,831,3,345912,0.3,1
54349,746,12,40903,0.39,1
142402,689,6,208561,0.36,1
138012,342,3,430309,0.71,1
65445,553,14,96036,0.73,1
25713,429,18,92954,0.45,1
76178,359,8,432530,0.33,1
69407,766,10,446441,0.17,1
90340,586,7,486201,0.77,1
70990,816,0,350158,0.14,1
95672,766,22,433395,0.31,1
149473,644,24,122305,0.31,1
85545,681,23,423554,0.32,1
104791,552,7,490651,0.22,1
78141,355,12,205753,0.65,1
43793,762,21,37101,0.19,1
76570,756,26,7775,0.54,1
115084,382,3,116497,0.19,1
57892,398,7,495399,0.15,1
21015,448,2,50619,0.74,1
144704,628,28,444054,0.23,1
81813,455,8,257388,0.67,1
47712,489,28,417755,0.48,1
120497,793,1,238346,0.15,1
28415,562,1,324268,0.77,1
131854,379,27,70149,0.27,1
132816,699,12,31616,0.7,1
148778,559,14,477871,0.22,1
82292,400,27,226767,0.7,1
43833,658,22,190639,0.11,1
24158,679,11,173171,0.46,1
82680,520,25,211903,0.64,1
40309,719,3,236318,0.75,1
26970,423,25,328943,0.74,1
92474,721,7,357365,0.67,1
106704,530,8,382023,0.72,1
66540,362,22,292623,0.24,1
40384,784,4,444388,0.3,1
38017,782,23,366309,0.3,1
95880,818,19,60863,0.36,1
125570,454,17,178115,0.38,1
28702,391,10,349713,0.48,1
20384,825,14,413624,0.21,1
20404,754,27,258347,0.58,1
60943,809,21,194052,0.22,1
67926,482,8,481172,0.32,1
49189,685,16,283495,0.45,1
32763,704,26,140203,0.66,1
38384,545,25,252908,0.62,1
80100,770,11,311969,0.55,1
118142,722,6,278493,0.21,1
29860,364,9,197003,0.48,1
124293,312,24,311398,0.16,1
100642,512,25,305369,0.36,1
70612,541,24,279597,0.39,1
43574,792,9,154886,0.13,1
43524,512,26,154335,0.29,1
89172,637,12,82694,0.77,1
30916,472,18,20735,0.77,1
24809,463,10,414046,0.35,1
52201,764,12,315037,0.13,1
73330,796,20,180745,0.23,1
33456,694,7,394150,0.37,1
133748,607,7,225534,0.76,1
76397,482,3,50066,0.2,1
141288,809,14,236387,0.63,1
58765,845,27,139445,0.18,1
54816,526,10,408551,0.79,1
65106,735,10,421957,0.37,1
73932,721,0,277836,0.64,1
37100,320,16,445511,0.34,1
77091,696,14,50541,0.54,1
41949,404,19,170129,0.23,1
90080,491,5,71983,0.2,1
57744,316,23,155655,0.76,1
65543,419,21,158837,0.74,1
128319,692,27,195359,0.72,1
112193,724,24,422122,0.54,1
56187,428,14,387891,0.67,1
132734,429,8,352247,0.15,1
27239,328,13,215747,0.33,1
144454,396,17,182597,0.32,1
34489,309,25,174302,0.54,1
134937,541,16,417736,0.35,1
78017,531,17,483454,0.2,1
81877,583,4,450150,0.52,1
63125,499,19,292710,0.67,1
69922,378,19,340337,0.37,1
114074,472,8,428350,0.19,1
52049,766,10,408561,0.24,1
57131,715,23,257084,0.27,1
62944,748,21,126015,0.31,1
135765,386,0,177257,0.55,1
93963,400,17,251536,0.52,1
126884,307,5,229021,0.59,1
145917,499,26,135956,0.35,1
44285,804,1,75744,0.68,1
57626,386,14,300599,0.24,1
62808,342,28,426234,0.43,1
108464,684,25,321363,0.66,1
73871,734,20,313135,0.23,1
39198,707,13,78616,0.18,1
39758,782,4,92438,0.72,1
35254,316,5,121841,0.34,1
64238,447,5,145558,0.58,1
21252,576,29,174934,0.12,1
59764,531,21,257734,0.58,1
97709,665,29,63870,0.32,1
57441,527,17,91694,0.14,1
112234,735,13,242068,0.53,1
73682,698,9,311000,0.27,1
79494,510,13,106407,0.37,1
101317,690,12,498960,0.16,1
85215,798,29,484271,0.2,1
98587,839,2,36379,0.31,1
125185,790,29,331873,0.16,1
26949,741,5,426594,0.74,1
127825,560,28,241500,0.1,1
75393,649,7,59353,0.44,1
93553,651,11,186068,0.19,1
26941,819,12,281175,0.32,1
45934,619,10,216144,0.75,1
43386,437,11,70982,0.21,1
145362,849,0,41683,0.78,1
81886,667,16,119091,0.24,1
95745,519,15,122797,0.62,1
103251,636,10,415834,0.48,1
114456,522,12,11587,0.72,1
73413,659,17,329934,0.49,1
76800,628,10,298624,0.47,1
117239,762,27,234602,0.24,1
62318,681,11,156599,0.22,1
139803,468,5,290713,0.74,1
90173,516,8,278295,0.33,1
90390,677,15,469310,0.36,1
72329,418,3,195246,0.63,1
142418,489,2,49739,0.34,1
63088,669,27,37954,0.77,1
136868,448,15,248935,0.62,1
123196,787,23,114373,0.52,1
59811,673,26,433519,0.72,1
134825,459,25,39700,0.13,1
75479,650,29,491252,0.28,1
105392,587,24,128728,0.43,1
107369,587,11,465784,0.26,1
137520,525,10,333932,0.62,1
39963,822,4,76045,0.74,1
75123,821,24,436058,0.4,1
145911,572,17,149972,0.34,1
122468,701,18,395136,0.77,1
112705,482,22,347203,0.41,1
93477,787,22,6881,0.44,1
34388,423,5,431253,0.35,1
25569,713,21,399846,0.74,1
89836,471,17,287933,0.5,1
124573,587,25,393227,0.63,1
56586,734,5,93059,0.67,1
147018,412,3,219566,0.34,1
32015,421,11,313295,0.4,1
65002,843,18,447136,0.69,1
136594,521,28,114388,0.35,1
26254,338,26,203303,0.66,1
37144,796,28,478573,0.76,1
44214,532,1,270406,0.54,1
125654,829,16,334125,0.62,1
100719,448,10,388095,0.66,1
91774,696,10,390243,0.69,1
26090,601,20,86972,0.38,1
31637,659,15,342629,0.14,1
42415,537,1,59722,0.38,1
44071,535,1,356643,0.57,1
78243,502,22,186890,0.42,1
130951,555,7,428148,0.62,1
145827,534,12,274045,0.35,1
128215,644,9,122473,0.54,1
61240,833,7,497239,0.23,1
146146,765,29,275741,0.62,1
103807,840,3,396775,0.48,1
121570,512,14,331053,0.24,1
53434,762,29,339535,0.3,1
89724,735,0,220286,0.62,1
135359,582,10,406479,0.44,1
95697,762,6,330437,0.25,1
48732,706,16,248896,0.78,1
141465,387,26,161877,0.6,1
31314,343,19,489895,0.77,0
43954,760,23,16874,0.4,1
77108,577,17,229137,0.43,1
107044,720,21,353546,0.73,1
107505,652,28,281223,0.47,1
131195,814,21,448066,0.6,1
123081,318,11,339923,0.28,1
56668,322,8,100408,0.41,1
43061,712,4,407234,0.19,1
99252,329,9,125606,0.24,1
59749,407,3,447716,0.1,1
149668,666,4,125062,0.13,1
124680,580,27,17100,0.78,1
36907,427,27,324165,0.27,1
38777,528,9,155872,0.56,1
113229,410,10,395270,0.69,1
71745,435,20,199472,0.49,1
128464,661,23,359590,0.21,1
148077,485,9,296581,0.61,1
111865,428,27,239196,0.52,1
132428,560,7,212609,0.61,1
101818,814,1,444891,0.64,1
43624,748,22,156014,0.78,1
43321,403,7,288006,0.5,1
30488,782,15,278813,0.34,1
42574,523,26,388363,0.55,1
25240,790,21,189844,0.15,1
63221,772,4,283060,0.73,1
30478,309,26,278022,0.18,1
148055,704,24,270129,0.33,1
75645,601,28,496121,0.67,1
130698,530,2,209720,0.52,1
39262,365,11,46235,0.38,1
138831,411,12,286075,0.43,1
72796,312,12,97876,0.7,1
24432,692,9,5336,0.34,1
115257,799,3,310077,0.71,1
84291,533,8,483115,0.16,1
99104,613,21,312680,0.64,1
79399,311,23,74504,0.69,1
147600,508,22,104214,0.23,1
99714,313,26,187220,0.4,1
70428,717,1,118936,0.22,1
107731,736,18,21279,0.59,1
145646,676,0,204737,0.47,1
20302,319,24,108751,0.54,1
102558,369,28,371577,0.24,1
20055,510,6,76386,0.25,1
131317,400,16,91124,0.13,1
28717,431,2,372894,0.33,1
147449,680,19,344629,0.49,1
48699,431,19,341199,0.7,1
93686,319,20,96911,0.57,1
87661,835,29,365762,0.4,1
64247,526,2,475489,0.77,1
134049,453,2,202742,0.6,1
36748,768,16,474690,0.75,1
125113,704,6,452244,0.47,1
24621,501,26,226094,0.28,1
35034,337,25,381036,0.14,1
131927,487,13,489848,0.61,1
147858,356,16,242723,0.18,1
25126,319,17,338272,0.31,1
25122,572,12,416324,0.47,1
38030,418,19,319639,0.5,1
102838,815,28,87806,0.52,1
104717,520,19,360329,0.22,1
75658,825,20,212605,0.37,1
58638,814,26,235097,0.53,1
87067,635,17,455046,0.78,1
126476,354,3,472856,0.61,1
138033,799,0,450725,0.75,1
125977,835,17,202478,0.63,1
108869,461,0,492436,0.51,1
125186,458,25,175591,0.23,1
54674,487,25,316793,0.57,1
55854,359,12,170596,0.54,1
66271,618,19,494709,0.52,1
93688,510,19,169957,0.44,1
58518,705,22,442585,0.47,1
131076,408,9,237204,0.33,1
30267,375,26,362546,0.46,1
110825,841,10,297820,0.24,1
21062,613,8,331237,0.66,1
136664,416,8,445980,0.23,1
70448,318,4,186871,0.16,1
115462,731,25,346558,0.41,1
26229,649,0,360239,0.56,1
76793,482,16,248154,0.41,1
134813,412,21,77307,0.29,1
67915,482,1,480278,0.49,1
24632,780,23,362576,0.34,1
124592,445,12,299067,0.75,1
23596,412,8,384593,0.75,1
129779,775,28,499955,0.45,1
26168,602,3,240998,0.33,1
128099,417,4,476604,0.62,1
27561,460,10,314718,0.13,1
93794,700,23,441607,0.43,1
102152,497,18,126757,0.34,1
145036,559,20,58664,0.74,1
144049,346,2,334528,0.11,1
46734,698,11,298171,0.49,1
26371,377,25,171536,0.62,1
138894,423,18,301629,0.44,1
46069,374,18,264438,0.16,1
99905,436,12,155528,0.78,1
32910,699,27,473011,0.46,1
93479,804,6,302698,0.53,1
97735,799,14,314066,0.27,1
101264,437,22,280553,0.44,1
43275,349,6,205399,0.4,1
92274,553,25,227472,0.15,1
101449,725,7,303783,0.17,1
120776,846,4,236182,0.69,1
80004,601,20,461843,0.27,1
82981,648,13,481640,0.24,1
104659,348,3,286836,0.45,1
74553,373,22,94037,0.64,1
68447,560,9,214912,0.14,1
54529,655,19,190272,0.5,1
146394,559,14,229135,0.18,1
95703,594,17,193487,0.13,1
96090,612,19,23074,0.14,1
37260,481,12,151621,0.68,1
132581,663,28,297107,0.18,1
23812,487,7,489672,0.13,1
48024,842,8,232434,0.41,1
78656,847,15,237679,0.69,1
136148,707,18,57265,0.28,1
47285,713,15,21061,0.4,1
112436,641,6,456442,0.13,1
136421,519,13,164882,0.41,1
21605,462,27,458222,0.5,1
91158,519,13,118502,0.5,1
92303,569,24,289944,0.33,1
47139,699,26,383336,0.32,1
97149,481,3,261505,0.17,1
76138,504,25,112228,0.36,1
138205,527,14,211548,0.17,1
96125,549,2,467676,0.64,1
33918,740,4,455983,0.78,1
105655,832,0,295198,0.78,1
47446,495,2,473535,0.71,1
144040,818,14,181469,0.52,1
33046,369,23,18233,0.59,1
149922,698,26,247277,0.3,1
44818,502,7,488236,0.54,1
120894,447,28,161140,0.42,1
135751,771,3,332871,0.44,1
24324,498,1,357754,0.63,1
96323,725,28,337597,0.3,1
29111,791,23,109135,0.32,1
58110,441,23,424048,0.75,1
36389,612,9,375608,0.14,1
142177,464,3,222314,0.44,1
61427,613,2,18682,0.74,1
99579,320,1,490514,0.53,1
48746,381,24,159455,0.48,1
142883,430,16,325304,0.27,1
107886,604,22,229404,0.34,1
127141,670,20,290810,0.7,1
20117,683,23,325961,0.49,1
145808,744,19,96198,0.46,1
132221,724,22,432858,0.17,1
104471,460,12,46830,0.11,1
132613,477,4,15234,0.77,1
33234,789,29,62616,0.36,1
149597,626,20,276365,0.52,1
123864,588,29,147482,0.16,1
73441,653,8,216127,0.58,1
20846,327,24,197485,0.75,1
30954,342,28,6051,0.5,1
99239,722,24,377673,0.19,1
133689,476,27,473517,0.51,1
66514,828,21,81918,0.64,1
108236,793,5,83116,0.38,1
117579,497,4,389370,0.72,1
148644,816,24,454779,0.55,1
26469,813,9,233931,0.73,1
50105,321,7,311901,0.54,1
62101,411,6,388152,0.19,1
84323,356,6,213547,0.32,1
111922,365,5,449473,0.24,1
78067,397,20,231572,0.74,1
69376,443,28,136379,0.63,1
65587,734,19,61889,0.57,1
56976,385,2,467111,0.31,1
124587,643,18,231256,0.23,1
147534,593,21,303088,0.63,1
87584,542,14,366699,0.43,1
124537,331,3,43134,0.26,1
98477,690,27,425539,0.53,1
130911,576,11,207834,0.13,1
62533,831,5,485441,0.33,1
21828,453,18,232579,0.43,1
21917,682,3,30954,0.2,1
40618,367,14,191093,0.79,1
52254,513,8,357103,0.25,1
125292,675,4,231999,0.19,1
136714,512,12,215938,0.24,1
67362,378,22,206499,0.64,1
40128,680,25,272136,0.4,1
143781,357,17,6961,0.5,1
131281,325,29,17497,0.11,1
79383,746,29,430767,0.12,1
85545,365,4,474600,0.41,1
102180,553,24,261446,0.67,1
107958,343,15,453971,0.72,1
29865,396,26,280399,0.16,1
22219,526,18,140639,0.48,1
59809,735,13,315991,0.74,1
136748,678,24,240889,0.37,1
25287,477,29,184075,0.68,1
146593,726,15,25389,0.19,1
54387,606,26,180595,0.75,1
28512,803,14,390946,0.63,1
21342,567,21,328720,0.76,1
83076,307,3,311063,0.57,1
128872,807,6,218175,0.35,1
39216,775,15,8358,0.76,1
137512,596,23,355679,0.29,1
136682,463,21,257557,0.33,1
113070,784,20,212596,0.59,1
99767,371,21,259488,0.64,1
117829,537,20,110982,0.75,1
46614,403,7,233129,0.24,1
56258,509,16,272842,0.66,1
113789,767,15,333953,0.62,1
62078,753,26,98079,0.14,1
126288,567,22,60805,0.37,1
103524,685,9,167421,0.3,1
116573,686,9,212849,0.31,1
32219,558,26,448464,0.79,1
20235,582,1,342177,0.55,1
62929,339,29,243483,0.6,1
147309,785,8,365383,0.78,1
87444,519,16,397551,0.36,1
28567,428,10,49041,0.66,1
121834,819,9,299098,0.4,1
90792,559,21,275146,0.71,1
85441,665,24,336927,0.23,1
104555,843,16,112524,0.76,1
93698,823,3,223306,0.25,1
144450,315,15,392001,0.33,1
137248,428,19,24738,0.63,1
25415,408,14,277847,0.38,1
56159,832,24,118776,0.53,1
63925,568,26,185494,0.41,1
146523,461,20,481322,0.62,1
25951,559,4,197971,0.26,1
107388,401,5,410608,0.14,1
28007,805,16,311868,0.31,1
146730,546,0,299443,0.43,1
61832,836,24,282785,0.22,1
78596,430,18,346678,0.35,1
141101,652,3,273449,0.38,1
50523,495,16,234334,0.14,1
108861,681,8,285926,0.51,1
144194,526,23,345401,0.72,1
106740,775,1,241371,0.21,1
35524,776,7,82963,0.52,1
149028,564,14,126987,0.57,1
39282,671,6,156638,0.39,1
43930,785,26,129591,0.59,1
20077,733,5,72766,0.39,1
125881,510,0,11511,0.45,1
145501,676,14,119816,0.11,1
40611,694,22,254432,0.58,1
36984,749,25,424393,0.56,1
34060,663,6,271909,0.13,1
102985,756,28,156426,0.36,1
104056,525,29,291073,0.79,1
145329,430,24,164892,0.39,1
63303,775,16,116576,0.45,1
79207,576,1,427739,0.74,1
95046,455,26,76088,0.6,1
49287,517,8,464379,0.51,0
113709,489,28,82525,0.66,1
59711,716,8,18780,0.71,1
31954,845,12,273733,0.42,1
93340,340,5,433028,0.43,1
92101,606,5,360808,0.37,1
91520,637,19,444155,0.78,1
107062,613,19,449709,0.59,1
122974,374,20,109188,0.16,1
38574,578,2,98326,0.7,1
29184,475,16,308097,0.44,1
39096,572,16,70785,0.15,1
87728,588,11,24309,0.48,1
54016,571,15,59195,0.39,0
31246,365,14,30901,0.71,1
65558,782,12,159648,0.24,1
138721,547,22,429724,0.68,1
38381,455,0,472927,0.49,1
147796,346,16,30464,0.14,1
56455,753,2,458497,0.78,1
112263,500,25,283404,0.46,1
24018,423,14,129997,0.3,1
31302,300,3,302584,0.43,1
87506,490,3,362226,0.7,1
61157,815,17,372727,0.31,1
74917,741,16,61683,0.23,1
112738,442,18,391350,0.19,1
116646,490,10,177502,0.31,1
103122,832,19,400203,0.65,1
44519,526,2,161177,0.43,1
116809,612,7,83484,0.26,1
