customer_id,country,signup_date
C001,India,2024-02-20
C002,UK,2024-03-06
C003,UK,2024-02-14
C004,UK,2024-01-28
C005,UK,2024-01-13
C006,USA,2024-03-02
C007,USA,2024-03-29
C008,Canada,2024-03-01
C009,India,2024-03-16
C010,India,2024-03-20
C011,India,2024-01-14
C012,USA,2024-03-20
C013,Australia,2024-01-06
C014,Australia,2024-01-06
C015,India,2024-01-20
C016,UK,2024-01-08
C017,Canada,2024-02-01
C018,USA,2024-02-12
C019,India,2024-01-28
C020,Australia,2024-03-24
C021,USA,2024-03-23
C022,Canada,2024-03-08
C023,India,2024-02-01
C024,India,2024-03-26
C025,UK,2024-03-12
C026,India,2024-02-12
C027,Canada,2024-03-15
C028,Canada,2024-02-01
C029,Australia,2024-02-26
C030,USA,2024-03-02
C031,USA,2024-03-02
C032,India,2024-01-05
C033,USA,2024-03-03
C034,Australia,2024-01-31
C035,USA,2024-01-18
C036,UK,2024-02-03
C037,UK,2024-01-06
C038,UK,2024-03-05
C039,India,2024-01-11
C040,USA,2024-01-03
C041,Canada,2024-03-13
C042,Canada,2024-03-07
C043,Australia,2024-01-28
C044,USA,2024-03-08
C045,Canada,2024-03-25
C046,USA,2024-01-14
C047,Australia,2024-01-18
C048,UK,2024-01-26
C049,UK,2024-03-11
C050,Canada,2024-02-11
C051,Canada,2024-02-18
C052,Canada,2024-04-01
C053,USA,2024-03-17
C054,Canada,2024-02-08
C055,Australia,2024-01-27
C056,UK,2024-01-09
C057,India,2024-03-26
C058,Australia,2024-03-07
C059,UK,2024-01-14
C060,Canada,2024-01-06
C061,USA,2024-03-25
C062,UK,2024-01-10
C063,Australia,2024-02-09
C064,Australia,2024-03-14
C065,Canada,2024-02-28
C066,USA,2024-02-02
C067,UK,2024-01-18
C068,Australia,2024-01-15
C069,USA,2024-03-17
C070,UK,2024-01-10
C071,USA,2024-02-03
C072,USA,2024-01-16
C073,UK,2024-03-16
C074,UK,2024-01-12
C075,USA,2024-02-08
C076,UK,2024-01-10
C077,Canada,2024-02-18
C078,India,2024-01-14
C079,USA,2024-01-16
C080,USA,2024-02-02
C081,UK,2024-01-21
C082,Canada,2024-02-04
C083,USA,2024-03-25
C084,Canada,2024-02-13
C085,India,2024-02-22
C086,Canada,2024-02-18
C087,Canada,2024-02-14
C088,UK,2024-03-23
C089,India,2024-03-21
C090,India,2024-01-14
C091,USA,2024-03-21
C092,India,2024-01-23
C093,Australia,2024-03-05
C094,Canada,2024-01-14
C095,USA,2024-02-17
C096,UK,2024-03-08
C097,UK,2024-02-15
C098,India,2024-01-07
C099,Australia,2024-03-20
C100,Canada,2024-03-09
C101,UK,2024-03-04
C102,USA,2024-03-14
C103,Canada,2024-03-10
C104,USA,2024-03-14
C105,USA,2024-01-11
C106,Australia,2024-03-04
C107,Australia,2024-01-25
C108,UK,2024-02-11
C109,Australia,2024-02-28
C110,USA,2024-03-02
C111,India,2024-02-28
C112,Australia,2024-01-31
C113,Australia,2024-01-29
C114,India,2024-03-16
C115,USA,2024-03-26
C116,Australia,2024-02-09
C117,Australia,2024-01-23
C118,USA,2024-03-05
C119,India,2024-03-17
C120,Australia,2024-02-25
C121,India,2024-03-05
C122,Canada,2024-02-06
C123,Australia,2024-02-07
C124,USA,2024-02-11
C125,Canada,2024-02-15
C126,India,2024-01-17
C127,India,2024-03-15
C128,Canada,2024-01-01
C129,Australia,2024-02-22
C130,UK,2024-01-24
C131,Australia,2024-03-15
C132,Australia,2024-01-13
C133,India,2024-02-20
C134,Canada,2024-02-02
C135,Canada,2024-02-04
C136,USA,2024-01-28
C137,USA,2024-02-16
C138,USA,2024-03-07
C139,Canada,2024-03-06
C140,Canada,2024-03-17
C141,Australia,2024-02-22
C142,Australia,2024-03-04
C143,USA,2024-02-02
C144,UK,2024-03-30
C145,Australia,2024-03-14
C146,UK,2024-02-06
C147,Australia,2024-02-11
C148,UK,2024-02-29
C149,USA,2024-02-20
C150,Canada,2024-01-20
C151,India,2024-01-01
C152,USA,2024-01-26
C153,Australia,2024-03-12
C154,Canada,2024-03-19
C155,India,2024-02-18
C156,Canada,2024-03-30
C157,India,2024-01-09
C158,USA,2024-02-06
C159,Australia,2024-01-04
C160,UK,2024-02-20
C161,UK,2024-01-25
C162,India,2024-02-25
C163,India,2024-02-06
C164,UK,2024-03-01
C165,Canada,2024-01-30
C166,UK,2024-01-24
C167,India,2024-03-12
C168,USA,2024-02-16
C169,USA,2024-03-25
C170,Australia,2024-02-25
C171,Australia,2024-02-08
C172,Australia,2024-02-25
C173,Australia,2024-01-13
C174,USA,2024-01-11
C175,UK,2024-03-07
C176,Australia,2024-02-17
C177,Australia,2024-01-28
C178,USA,2024-01-23
C179,USA,2024-01-12
C180,India,2024-02-17
C181,India,2024-02-14
C182,UK,2024-01-21
C183,USA,2024-01-21
C184,UK,2024-02-08
C185,India,2024-03-08
C186,USA,2024-02-17
C187,Australia,2024-03-31
C188,USA,2024-01-15
C189,USA,2024-03-16
C190,UK,2024-03-03
C191,India,2024-02-27
C192,UK,2024-03-14
C193,India,2024-02-16
C194,Canada,2024-02-16
C195,Australia,2024-01-14
C196,India,2024-01-20
C197,Australia,2024-01-11
C198,USA,2024-02-21
C199,Australia,2024-02-29
C200,Canada,2024-03-31
C201,USA,2024-03-18
C202,UK,2024-03-26
C203,India,2024-03-16
C204,USA,2024-01-08
C205,Canada,2024-02-23
C206,Canada,2024-02-26
C207,Canada,2024-01-20
C208,UK,2024-03-02
C209,Australia,2024-01-08
C210,UK,2024-03-14
C211,Australia,2024-01-14
C212,Canada,2024-02-24
C213,UK,2024-01-16
C214,Canada,2024-04-01
C215,Canada,2024-01-12
C216,UK,2024-03-19
C217,Canada,2024-02-22
C218,India,2024-01-02
C219,Australia,2024-04-01
C220,USA,2024-02-23
C221,USA,2024-01-14
C222,India,2024-02-20
C223,Australia,2024-03-05
C224,Canada,2024-01-08
C225,UK,2024-01-10
C226,India,2024-02-24
C227,USA,2024-02-08
C228,Australia,2024-03-24
C229,Canada,2024-03-28
C230,Canada,2024-01-18
C231,Australia,2024-02-19
C232,UK,2024-02-08
C233,UK,2024-01-01
C234,UK,2024-03-04
C235,USA,2024-02-04
C236,Canada,2024-01-17
C237,Australia,2024-03-21
C238,Canada,2024-03-23
C239,UK,2024-01-26
C240,UK,2024-03-13
C241,Australia,2024-03-04
C242,UK,2024-02-20
C243,UK,2024-01-20
C244,Australia,2024-02-17
C245,USA,2024-01-02
C246,UK,2024-03-09
C247,USA,2024-01-02
C248,Australia,2024-04-01
C249,UK,2024-03-01
C250,USA,2024-03-21
C251,India,2024-01-08
C252,USA,2024-02-27
C253,UK,2024-02-24
C254,Australia,2024-03-14
C255,UK,2024-03-28
C256,India,2024-02-03
C257,India,2024-01-26
C258,UK,2024-03-23
C259,UK,2024-03-12
C260,Canada,2024-03-18
C261,Australia,2024-01-30
C262,India,2024-03-13
C263,USA,2024-01-16
C264,UK,2024-02-27
C265,Canada,2024-02-01
C266,UK,2024-02-10
C267,UK,2024-02-06
C268,Canada,2024-02-08
C269,India,2024-01-11
C270,Australia,2024-02-25
C271,UK,2024-02-17
C272,Canada,2024-03-29
C273,Canada,2024-02-22
C274,USA,2024-03-15
C275,Australia,2024-03-03
C276,UK,2024-01-24
C277,Canada,2024-03-30
C278,India,2024-01-13
C279,UK,2024-01-30
C280,India,2024-03-21
C281,India,2024-01-02
C282,Canada,2024-01-13
C283,Canada,2024-03-21
C284,India,2024-01-19
C285,UK,2024-02-26
C286,USA,2024-03-30
C287,Australia,2024-03-05
C288,USA,2024-02-12
C289,USA,2024-03-22
C290,Australia,2024-01-11
C291,USA,2024-02-06
C292,UK,2024-03-03
C293,India,2024-04-01
C294,Canada,2024-03-29
C295,USA,2024-03-25
C296,UK,2024-03-03
C297,USA,2024-02-14
C298,UK,2024-01-23
C299,India,2024-03-28
C300,USA,2024-02-16
C301,India,2024-01-15
C302,USA,2024-01-07
C303,India,2024-01-11
C304,Australia,2024-01-18
C305,USA,2024-02-09
C306,UK,2024-03-31
C307,UK,2024-01-30
C308,UK,2024-03-11
C309,USA,2024-01-05
C310,Australia,2024-01-25
C311,USA,2024-02-07
C312,Australia,2024-02-18
C313,UK,2024-01-18
C314,Australia,2024-03-20
C315,UK,2024-02-02
C316,Canada,2024-01-05
C317,Australia,2024-02-27
C318,Australia,2024-03-06
C319,UK,2024-03-14
C320,USA,2024-03-22
C321,Australia,2024-03-28
C322,Canada,2024-01-19
C323,USA,2024-03-30
C324,India,2024-01-31
C325,India,2024-01-21
C326,USA,2024-02-25
C327,Australia,2024-02-09
C328,India,2024-01-10
C329,India,2024-01-23
C330,Canada,2024-01-11
C331,UK,2024-02-18
C332,UK,2024-01-07
C333,Australia,2024-02-22
C334,Australia,2024-02-08
C335,India,2024-02-21
C336,USA,2024-03-16
C337,India,2024-01-22
C338,Australia,2024-01-10
C339,India,2024-03-17
C340,Australia,2024-01-26
C341,Australia,2024-02-08
C342,USA,2024-02-13
C343,UK,2024-01-11
C344,Canada,2024-03-28
C345,India,2024-03-16
C346,USA,2024-03-18
C347,UK,2024-02-04
C348,Canada,2024-02-08
C349,India,2024-03-27
C350,UK,2024-02-21
C351,Australia,2024-02-08
C352,India,2024-03-11
C353,Australia,2024-03-11
C354,UK,2024-02-05
C355,Canada,2024-02-21
C356,USA,2024-01-31
C357,USA,2024-02-26
C358,UK,2024-03-25
C359,USA,2024-03-09
C360,India,2024-02-26
C361,USA,2024-02-10
C362,India,2024-01-23
C363,Canada,2024-02-19
C364,Australia,2024-02-18
C365,Canada,2024-01-18
C366,Australia,2024-02-18
C367,USA,2024-02-02
C368,India,2024-01-03
C369,UK,2024-03-04
C370,Canada,2024-02-29
C371,India,2024-03-22
C372,Canada,2024-01-25
C373,Canada,2024-03-31
C374,USA,2024-01-23
C375,Australia,2024-02-09
C376,Canada,2024-02-06
C377,India,2024-01-06
C378,Australia,2024-01-15
C379,Canada,2024-03-16
C380,USA,2024-03-29
C381,USA,2024-01-05
C382,UK,2024-01-08
C383,UK,2024-01-30
C384,Canada,2024-01-14
C385,Canada,2024-02-14
C386,USA,2024-02-27
C387,UK,2024-03-12
C388,USA,2024-03-07
C389,UK,2024-02-21
C390,Australia,2024-03-18
C391,USA,2024-02-28
C392,Australia,2024-01-25
C393,USA,2024-03-03
C394,Australia,2024-01-22
C395,USA,2024-02-13
C396,Canada,2024-02-29
C397,UK,2024-02-22
C398,UK,2024-02-05
C399,UK,2024-03-03
C400,USA,2024-03-01
C401,India,2024-03-14
C402,Canada,2024-01-14
C403,USA,2024-01-16
C404,UK,2024-03-28
C405,India,2024-01-23
C406,UK,2024-03-07
C407,Canada,2024-02-03
C408,Canada,2024-03-29
C409,Canada,2024-03-09
C410,UK,2024-03-27
C411,Australia,2024-03-27
C412,Australia,2024-03-04
C413,UK,2024-02-08
C414,UK,2024-02-04
C415,USA,2024-01-03
C416,Australia,2024-03-13
C417,Canada,2024-02-19
C418,UK,2024-03-18
C419,India,2024-02-14
C420,India,2024-02-03
C421,USA,2024-01-07
C422,USA,2024-02-16
C423,USA,2024-02-25
C424,UK,2024-02-06
C425,Australia,2024-01-13
C426,Canada,2024-03-17
C427,India,2024-03-20
C428,India,2024-02-16
C429,Canada,2024-02-20
C430,India,2024-01-18
C431,Australia,2024-03-08
C432,UK,2024-01-07
C433,India,2024-01-17
C434,UK,2024-01-14
C435,UK,2024-01-26
C436,USA,2024-02-11
C437,USA,2024-01-26
C438,UK,2024-02-13
C439,USA,2024-03-26
C440,Canada,2024-02-10
C441,USA,2024-01-21
C442,India,2024-01-15
C443,Australia,2024-03-30
C444,Canada,2024-02-17
C445,India,2024-02-23
C446,Canada,2024-01-23
C447,Canada,2024-01-22
C448,UK,2024-03-05
C449,India,2024-03-18
C450,Australia,2024-03-19
C451,UK,2024-01-04
C452,USA,2024-01-27
C453,UK,2024-03-08
C454,UK,2024-03-01
C455,India,2024-03-13
C456,USA,2024-03-29
C457,UK,2024-02-16
C458,India,2024-01-31
C459,USA,2024-02-28
C460,Canada,2024-03-22
C461,Australia,2024-03-13
C462,Australia,2024-02-13
C463,Australia,2024-01-23
C464,USA,2024-01-18
C465,UK,2024-02-11
C466,Australia,2024-02-16
C467,UK,2024-01-21
C468,India,2024-02-23
C469,Australia,2024-03-20
C470,UK,2024-02-15
C471,Australia,2024-01-08
C472,India,2024-02-08
C473,Australia,2024-02-09
C474,Canada,2024-01-03
C475,Canada,2024-01-15
C476,Canada,2024-03-07
C477,Australia,2024-03-11
C478,UK,2024-03-24
C479,UK,2024-01-19
C480,UK,2024-02-24
C481,USA,2024-01-26
C482,Canada,2024-01-11
C483,Canada,2024-01-29
C484,India,2024-01-10
C485,UK,2024-02-07
C486,Canada,2024-03-03
C487,Australia,2024-02-09
C488,Canada,2024-02-17
C489,Australia,2024-01-20
C490,Australia,2024-03-31
C491,USA,2024-02-27
C492,India,2024-01-14
C493,Australia,2024-01-05
C494,USA,2024-02-03
C495,USA,2024-03-07
C496,USA,2024-01-21
C497,Canada,2024-03-22
C498,India,2024-01-14
C499,UK,2024-01-30
C500,USA,2024-03-17
C501,Canada,2024-01-19
C502,Australia,2024-02-18
C503,UK,2024-03-29
C504,India,2024-01-25
C505,UK,2024-03-29
C506,Australia,2024-02-09
C507,USA,2024-01-20
C508,USA,2024-04-01
C509,UK,2024-03-08
C510,USA,2024-01-22
C511,Australia,2024-01-12
C512,UK,2024-03-24
C513,Australia,2024-02-18
C514,India,2024-03-02
C515,Australia,2024-01-08
C516,USA,2024-01-25
C517,Canada,2024-01-01
C518,UK,2024-03-28
C519,UK,2024-01-11
C520,UK,2024-02-02
C521,UK,2024-01-31
C522,Australia,2024-03-11
C523,UK,2024-03-28
C524,UK,2024-01-29
C525,India,2024-02-24
C526,Canada,2024-03-07
C527,Canada,2024-02-26
C528,Canada,2024-02-22
C529,India,2024-01-07
C530,Canada,2024-02-25
C531,Australia,2024-02-10
C532,UK,2024-03-23
C533,Canada,2024-02-01
C534,Canada,2024-01-04
C535,UK,2024-02-02
C536,Australia,2024-01-19
C537,Canada,2024-01-16
C538,Canada,2024-01-18
C539,Australia,2024-04-01
C540,Canada,2024-03-16
C541,USA,2024-03-05
C542,India,2024-03-03
C543,India,2024-03-20
C544,USA,2024-01-23
C545,UK,2024-01-12
C546,India,2024-01-17
C547,USA,2024-03-22
C548,Canada,2024-01-30
C549,UK,2024-03-01
C550,USA,2024-02-06
C551,India,2024-02-01
C552,Australia,2024-02-19
C553,UK,2024-02-21
C554,UK,2024-01-12
C555,UK,2024-01-13
C556,USA,2024-01-18
C557,India,2024-02-05
C558,UK,2024-01-27
C559,Australia,2024-03-17
C560,Canada,2024-03-31
C561,India,2024-01-02
C562,Canada,2024-03-08
C563,USA,2024-03-10
C564,UK,2024-01-04
C565,Australia,2024-03-09
C566,UK,2024-01-02
C567,India,2024-03-14
C568,UK,2024-01-24
C569,USA,2024-01-13
C570,Australia,2024-02-17
C571,Australia,2024-02-14
C572,USA,2024-03-30
C573,UK,2024-03-15
C574,Canada,2024-03-06
C575,UK,2024-03-03
C576,India,2024-02-26
C577,UK,2024-02-01
C578,Canada,2024-02-05
C579,UK,2024-03-17
C580,Australia,2024-02-26
C581,UK,2024-03-18
C582,USA,2024-01-29
C583,USA,2024-01-10
C584,UK,2024-01-13
C585,Canada,2024-02-08
C586,Australia,2024-02-05
C587,Canada,2024-01-04
C588,UK,2024-03-14
C589,Canada,2024-01-24
C590,Australia,2024-01-26
C591,India,2024-01-30
C592,Australia,2024-02-13
C593,Canada,2024-01-15
C594,Australia,2024-03-14
C595,USA,2024-02-15
C596,India,2024-01-26
C597,Australia,2024-01-17
C598,UK,2024-03-31
C599,USA,2024-02-18
C600,USA,2024-02-03
C601,Australia,2024-03-29
C602,India,2024-02-02
C603,UK,2024-03-26
C604,UK,2024-01-18
C605,Australia,2024-02-12
C606,Canada,2024-03-25
C607,Canada,2024-02-08
C608,Canada,2024-02-29
C609,India,2024-01-23
C610,Canada,2024-02-17
C611,Canada,2024-01-23
C612,India,2024-03-16
C613,Australia,2024-01-14
C614,Australia,2024-02-11
C615,UK,2024-02-02
C616,USA,2024-02-07
C617,UK,2024-02-11
C618,India,2024-01-18
C619,India,2024-03-28
C620,India,2024-01-02
C621,Australia,2024-02-20
C622,India,2024-02-24
C623,India,2024-02-23
C624,USA,2024-01-05
C625,India,2024-03-27
C626,Canada,2024-01-04
C627,Canada,2024-02-04
C628,India,2024-03-19
C629,Australia,2024-02-20
C630,India,2024-02-03
C631,Canada,2024-01-22
C632,Australia,2024-01-07
C633,India,2024-02-06
C634,USA,2024-01-11
C635,Australia,2024-02-05
C636,Australia,2024-03-18
C637,UK,2024-03-26
C638,India,2024-03-04
C639,UK,2024-01-19
C640,India,2024-01-13
C641,USA,2024-01-16
C642,USA,2024-02-10
C643,UK,2024-03-09
C644,Australia,2024-01-09
C645,Australia,2024-03-25
C646,USA,2024-01-12
C647,USA,2024-01-27
C648,USA,2024-02-11
C649,India,2024-03-16
C650,USA,2024-02-26
C651,Australia,2024-02-21
C652,Canada,2024-01-17
C653,Canada,2024-02-07
C654,India,2024-02-14
C655,Canada,2024-02-15
C656,USA,2024-03-16
C657,UK,2024-03-23
C658,Canada,2024-02-24
C659,Australia,2024-03-11
C660,USA,2024-01-20
C661,USA,2024-02-25
C662,UK,2024-01-01
C663,Canada,2024-01-18
C664,UK,2024-01-05
C665,UK,2024-01-06
C666,India,2024-02-05
C667,UK,2024-02-05
C668,Australia,2024-02-24
C669,India,2024-02-01
C670,USA,2024-03-28
C671,India,2024-03-19
C672,UK,2024-01-30
C673,India,2024-01-28
C674,India,2024-03-16
C675,USA,2024-03-03
C676,USA,2024-01-26
C677,UK,2024-03-26
C678,Australia,2024-03-13
C679,USA,2024-03-06
C680,UK,2024-01-28
C681,India,2024-03-06
C682,UK,2024-02-16
C683,Canada,2024-03-06
C684,USA,2024-01-25
C685,UK,2024-04-01
C686,Canada,2024-02-22
C687,India,2024-03-10
C688,USA,2024-03-29
C689,UK,2024-01-12
C690,UK,2024-02-25
C691,Australia,2024-01-17
C692,UK,2024-01-31
C693,Australia,2024-03-19
C694,India,2024-03-27
C695,UK,2024-03-27
C696,Australia,2024-03-27
C697,Australia,2024-01-22
C698,Canada,2024-02-24
C699,Canada,2024-03-17
C700,Canada,2024-03-17
C701,Australia,2024-03-06
C702,UK,2024-01-26
C703,Australia,2024-02-25
C704,Canada,2024-03-20
C705,Canada,2024-03-30
C706,Australia,2024-01-30
C707,Canada,2024-01-19
C708,UK,2024-01-23
C709,Canada,2024-03-05
C710,UK,2024-03-26
C711,Canada,2024-01-12
C712,USA,2024-01-20
C713,USA,2024-03-23
C714,India,2024-02-09
C715,Australia,2024-03-30
C716,USA,2024-02-19
C717,USA,2024-03-22
C718,India,2024-01-16
C719,USA,2024-01-08
C720,Australia,2024-02-24
C721,Canada,2024-01-17
C722,USA,2024-01-27
C723,USA,2024-03-29
C724,India,2024-02-03
C725,USA,2024-03-26
C726,India,2024-01-22
C727,Canada,2024-03-09
C728,India,2024-03-26
C729,UK,2024-03-09
C730,Canada,2024-02-23
C731,UK,2024-01-20
C732,Canada,2024-03-06
C733,Canada,2024-04-01
C734,USA,2024-01-05
C735,Canada,2024-02-10
C736,Australia,2024-02-29
C737,Canada,2024-03-02
C738,Canada,2024-01-25
C739,Canada,2024-02-03
C740,India,2024-03-06
C741,India,2024-01-27
C742,Australia,2024-03-06
C743,USA,2024-01-05
C744,India,2024-01-04
C745,Australia,2024-03-04
C746,Australia,2024-03-17
C747,Canada,2024-03-03
C748,USA,2024-02-07
C749,Australia,2024-01-08
C750,USA,2024-02-08
C751,UK,2024-02-17
C752,India,2024-02-08
C753,Australia,2024-01-28
C754,Australia,2024-03-08
C755,UK,2024-01-15
C756,India,2024-03-05
C757,Canada,2024-02-23
C758,Australia,2024-03-08
C759,Canada,2024-02-28
C760,UK,2024-01-07
C761,USA,2024-03-31
C762,India,2024-02-21
C763,UK,2024-01-10
C764,Australia,2024-03-01
C765,UK,2024-02-10
C766,Canada,2024-01-30
C767,UK,2024-03-23
C768,India,2024-03-27
C769,UK,2024-01-20
C770,UK,2024-02-01
C771,Australia,2024-02-01
C772,USA,2024-02-07
C773,Australia,2024-01-02
C774,Australia,2024-02-06
C775,UK,2024-02-02
C776,Canada,2024-04-01
C777,USA,2024-01-06
C778,USA,2024-02-21
C779,India,2024-03-16
C780,India,2024-02-25
C781,India,2024-03-11
C782,Canada,2024-03-31
C783,UK,2024-01-01
C784,UK,2024-01-07
C785,Canada,2024-01-29
C786,USA,2024-03-17
C787,UK,2024-01-08
C788,Canada,2024-01-22
C789,Canada,2024-01-03
C790,Canada,2024-03-11
C791,USA,2024-02-22
C792,Australia,2024-01-19
C793,Australia,2024-01-25
C794,Canada,2024-03-31
C795,UK,2024-03-22
C796,UK,2024-02-15
C797,USA,2024-02-26
C798,India,2024-02-16
C799,Canada,2024-02-06
C800,India,2024-03-02
C801,UK,2024-03-17
C802,Canada,2024-01-26
C803,India,2024-01-02
C804,UK,2024-03-24
C805,Canada,2024-01-04
C806,Australia,2024-03-23
C807,India,2024-02-25
C808,India,2024-03-28
C809,Australia,2024-03-24
C810,UK,2024-03-26
C811,Canada,2024-01-28
C812,Australia,2024-03-26
C813,Australia,2024-01-27
C814,Australia,2024-02-13
C815,Australia,2024-01-12
C816,Canada,2024-02-21
C817,UK,2024-01-18
C818,India,2024-03-09
C819,Canada,2024-01-21
C820,Canada,2024-02-07
C821,Australia,2024-02-02
C822,Canada,2024-03-05
C823,India,2024-01-31
C824,Australia,2024-02-20
C825,Australia,2024-01-18
C826,India,2024-03-18
C827,Canada,2024-01-22
C828,Australia,2024-02-07
C829,USA,2024-01-22
C830,USA,2024-02-21
C831,India,2024-01-08
C832,Canada,2024-01-27
C833,Australia,2024-03-10
C834,Australia,2024-02-12
C835,UK,2024-02-18
C836,India,2024-03-07
C837,Australia,2024-02-12
C838,India,2024-03-25
C839,Australia,2024-01-30
C840,Canada,2024-03-04
C841,UK,2024-02-02
C842,India,2024-02-27
C843,USA,2024-02-25
C844,USA,2024-02-29
C845,Australia,2024-02-02
C846,Canada,2024-02-29
C847,India,2024-03-30
C848,Canada,2024-03-11
C849,USA,2024-01-02
C850,UK,2024-01-16
C851,UK,2024-02-22
C852,India,2024-01-07
C853,UK,2024-02-19
C854,UK,2024-01-30
C855,UK,2024-01-19
C856,USA,2024-01-01
C857,UK,2024-01-03
C858,Australia,2024-02-29
C859,India,2024-03-18
C860,Canada,2024-02-15
C861,UK,2024-03-25
C862,UK,2024-03-21
C863,India,2024-01-05
C864,UK,2024-03-20
C865,Canada,2024-02-14
C866,India,2024-01-06
C867,UK,2024-02-14
C868,Canada,2024-01-10
C869,Canada,2024-01-31
C870,Australia,2024-01-17
C871,UK,2024-01-31
C872,UK,2024-02-23
C873,Canada,2024-03-03
C874,Canada,2024-03-05
C875,UK,2024-01-16
C876,Canada,2024-02-18
C877,USA,2024-01-26
C878,Canada,2024-03-04
C879,Canada,2024-03-15
C880,Australia,2024-03-16
C881,UK,2024-02-05
C882,UK,2024-03-20
C883,Canada,2024-01-26
C884,Australia,2024-02-19
C885,USA,2024-01-19
C886,Australia,2024-03-01
C887,India,2024-03-22
C888,Canada,2024-02-15
C889,USA,2024-03-27
C890,Australia,2024-03-14
C891,UK,2024-01-29
C892,Australia,2024-02-20
C893,Australia,2024-01-24
C894,USA,2024-01-08
C895,UK,2024-01-23
C896,India,2024-01-31
C897,Australia,2024-01-20
C898,India,2024-01-09
C899,USA,2024-01-15
C900,Australia,2024-01-29
C901,Canada,2024-03-23
C902,Canada,2024-03-20
C903,India,2024-02-16
C904,USA,2024-03-28
C905,Australia,2024-03-30
C906,USA,2024-02-10
C907,UK,2024-03-30
C908,Canada,2024-03-31
C909,USA,2024-01-01
C910,USA,2024-02-14
C911,UK,2024-01-30
C912,India,2024-01-05
C913,USA,2024-02-29
C914,Australia,2024-02-26
C915,Australia,2024-03-12
C916,USA,2024-03-24
C917,Australia,2024-03-28
C918,UK,2024-03-05
C919,UK,2024-02-23
C920,UK,2024-02-10
C921,USA,2024-03-01
C922,Canada,2024-03-03
C923,USA,2024-02-08
C924,UK,2024-02-20
C925,UK,2024-03-04
C926,Canada,2024-01-26
C927,USA,2024-03-09
C928,UK,2024-01-09
C929,India,2024-02-03
C930,Canada,2024-02-13
C931,UK,2024-03-01
C932,UK,2024-01-04
C933,USA,2024-03-16
C934,India,2024-01-08
C935,Canada,2024-02-15
C936,Canada,2024-03-30
C937,UK,2024-01-02
C938,USA,2024-01-08
C939,UK,2024-03-11
C940,USA,2024-02-21
C941,Canada,2024-01-17
C942,India,2024-03-20
C943,Canada,2024-03-12
C944,India,2024-01-22
C945,USA,2024-02-13
C946,India,2024-02-14
C947,Canada,2024-03-07
C948,UK,2024-03-07
C949,UK,2024-01-19
C950,USA,2024-02-17
C951,UK,2024-03-26
C952,Canada,2024-01-24
C953,UK,2024-01-26
C954,Australia,2024-01-05
C955,India,2024-03-03
C956,UK,2024-03-04
C957,USA,2024-02-02
C958,Canada,2024-01-04
C959,USA,2024-02-04
C960,Canada,2024-01-28
C961,Australia,2024-03-10
C962,Australia,2024-01-27
C963,UK,2024-01-28
C964,USA,2024-01-27
C965,Canada,2024-02-12
C966,UK,2024-02-22
C967,UK,2024-03-14
C968,USA,2024-01-03
C969,UK,2024-03-26
C970,Canada,2024-04-01
C971,Canada,2024-02-17
C972,India,2024-03-18
C973,Australia,2024-03-21
C974,India,2024-02-05
C975,Canada,2024-03-23
C976,UK,2024-01-23
C977,Australia,2024-01-15
C978,USA,2024-02-04
C979,India,2024-02-02
C980,Canada,2024-03-05
C981,UK,2024-02-04
C982,India,2024-02-11
C983,UK,2024-03-29
C984,Canada,2024-03-29
C985,India,2024-01-07
C986,Australia,2024-01-31
C987,USA,2024-03-26
C988,Australia,2024-01-26
C989,Canada,2024-02-01
C990,Australia,2024-01-05
C991,Australia,2024-02-10
C992,India,2024-02-08
C993,Australia,2024-03-20
C994,Canada,2024-03-19
C995,UK,2024-01-16
C996,Canada,2024-01-18
C997,Canada,2024-01-21
C998,Australia,2024-02-27
C999,Australia,2024-03-17
C1000,UK,2024-02-19
