order_id,customer_id,amount_cents,status,created_at
1,C649,1425,pending,2024-04-29
2,C777,5250,cancelled,2024-04-20
3,C397,3667,pending,2024-04-06
4,C558,4103,cancelled,2024-04-26
5,C151,1352,cancelled,2024-04-04
6,C410,5875,delivered,2024-04-25
7,C341,4818,cancelled,2024-04-15
8,C827,1807,cancelled,2024-04-13
9,C864,6444,cancelled,2024-04-03
10,C431,7736,delivered,2024-04-10
11,C216,2803,pending,2024-04-29
12,C794,1829,delivered,2024-04-25
13,C731,6545,delivered,2024-04-29
14,C856,9997,delivered,2024-04-20
15,C217,8719,delivered,2024-04-01
16,C548,8606,delivered,2024-04-22
17,C031,9473,cancelled,2024-04-28
18,C541,8044,pending,2024-04-07
19,C567,2139,delivered,2024-04-05
20,C674,7619,delivered,2024-04-02
21,C347,9381,cancelled,2024-04-10
22,C095,9019,delivered,2024-04-16
23,C676,7113,pending,2024-04-26
24,C107,8247,delivered,2024-04-27
25,C324,4086,cancelled,2024-04-15
26,C537,6961,delivered,2024-04-04
27,C966,2130,pending,2024-04-06
28,C088,9357,pending,2024-04-23
29,C037,9039,cancelled,2024-04-25
30,C792,3102,delivered,2024-04-01
31,C792,3139,cancelled,2024-04-08
32,C628,777,cancelled,2024-04-01
33,C276,4423,pending,2024-04-25
34,C364,7348,delivered,2024-04-18
35,C058,8232,delivered,2024-04-13
36,C111,7924,cancelled,2024-04-07
37,C899,9139,pending,2024-04-16
38,C705,982,pending,2024-04-26
39,C064,4419,cancelled,2024-04-27
40,C387,5491,cancelled,2024-04-17
41,C086,516,pending,2024-04-11
42,C751,9624,pending,2024-04-27
43,C892,4285,delivered,2024-04-23
44,C785,3758,pending,2024-04-20
45,C473,8277,delivered,2024-04-20
46,C260,4697,pending,2024-04-30
47,C251,3893,delivered,2024-04-16
48,C962,2485,pending,2024-04-22
49,C992,7348,pending,2024-04-24
50,C645,2332,pending,2024-04-06
51,C521,6658,pending,2024-04-30
52,C622,1761,cancelled,2024-04-02
53,C656,8370,pending,2024-04-01
54,C847,7471,delivered,2024-04-22
55,C669,2426,pending,2024-04-30
56,C896,4812,pending,2024-04-19
57,C947,7327,cancelled,2024-04-22
58,C232,8091,pending,2024-04-24
59,C447,8081,pending,2024-04-28
60,C866,4909,pending,2024-04-26
61,C549,9050,pending,2024-04-30
62,C365,3708,pending,2024-04-22
63,C319,7223,cancelled,2024-04-21
64,C627,6815,cancelled,2024-04-11
65,C865,6262,pending,2024-04-01
66,C313,2783,cancelled,2024-04-13
67,C557,5017,cancelled,2024-04-20
68,C095,5800,cancelled,2024-04-19
69,C514,5173,delivered,2024-04-28
70,C911,1677,delivered,2024-04-10
71,C396,8351,pending,2024-04-15
72,C753,4160,cancelled,2024-04-12
73,C527,3940,delivered,2024-04-19
74,C699,9069,cancelled,2024-04-18
75,C842,2523,delivered,2024-04-25
76,C873,7134,cancelled,2024-04-02
77,C087,6597,delivered,2024-04-24
78,C307,1239,pending,2024-04-22
79,C564,3458,cancelled,2024-04-29
80,C553,8562,delivered,2024-04-18
81,C615,5477,pending,2024-04-22
82,C724,5821,delivered,2024-04-30
83,C378,2027,delivered,2024-04-01
84,C415,3657,delivered,2024-04-22
85,C025,7150,pending,2024-04-16
86,C890,7933,delivered,2024-04-24
87,C009,6265,pending,2024-04-18
88,C682,5272,cancelled,2024-04-19
89,C887,7457,pending,2024-04-29
90,C051,7448,pending,2024-04-04
91,C901,3478,pending,2024-04-19
92,C105,6471,pending,2024-04-03
93,C579,1520,cancelled,2024-04-03
94,C882,3609,cancelled,2024-04-17
95,C798,5009,delivered,2024-04-30
96,C681,9292,cancelled,2024-04-08
97,C782,2316,cancelled,2024-04-16
98,C355,2847,delivered,2024-04-16
99,C195,6546,cancelled,2024-04-20
100,C555,8901,cancelled,2024-04-27
101,C335,1136,pending,2024-04-06
102,C328,6695,delivered,2024-04-18
103,C526,9236,pending,2024-04-09
104,C681,6769,delivered,2024-04-10
105,C546,9958,pending,2024-04-09
106,C956,8757,cancelled,2024-04-29
107,C305,3988,cancelled,2024-04-01
108,C527,7952,cancelled,2024-04-29
109,C677,2014,pending,2024-04-24
110,C228,7205,pending,2024-04-11
111,C298,9308,cancelled,2024-04-11
112,C667,9286,delivered,2024-04-07
113,C839,3133,delivered,2024-04-12
114,C320,1180,cancelled,2024-04-19
115,C316,5403,pending,2024-04-21
116,C673,7449,delivered,2024-04-11
117,C700,5159,pending,2024-04-04
118,C566,7597,delivered,2024-04-28
119,C258,3651,pending,2024-04-24
120,C665,4589,cancelled,2024-04-19
121,C305,6629,cancelled,2024-04-27
122,C976,9751,cancelled,2024-04-25
123,C637,5549,delivered,2024-04-10
124,C842,8939,delivered,2024-04-10
125,C237,2627,delivered,2024-04-29
126,C228,9268,pending,2024-04-02
127,C991,4852,pending,2024-04-02
128,C672,4439,cancelled,2024-04-17
129,C292,4330,cancelled,2024-04-05
130,C551,6096,cancelled,2024-04-26
131,C932,6292,cancelled,2024-04-23
132,C235,9673,delivered,2024-04-12
133,C015,6502,delivered,2024-04-01
134,C118,1810,pending,2024-04-27
135,C841,1841,delivered,2024-04-01
136,C348,3536,cancelled,2024-04-03
137,C730,8986,delivered,2024-04-19
138,C480,7425,pending,2024-04-30
139,C499,7114,delivered,2024-04-08
140,C968,7889,delivered,2024-04-20
141,C260,8933,delivered,2024-04-02
142,C993,5269,cancelled,2024-04-13
143,C909,8426,pending,2024-04-27
144,C759,9639,pending,2024-04-19
145,C680,2665,cancelled,2024-04-08
146,C563,3003,cancelled,2024-04-03
147,C991,1177,delivered,2024-04-26
148,C712,5297,pending,2024-04-23
149,C324,3885,cancelled,2024-04-12
150,C988,6422,cancelled,2024-04-09
151,C961,8258,delivered,2024-04-24
152,C194,8401,cancelled,2024-04-14
153,C589,4515,pending,2024-04-30
154,C946,5849,delivered,2024-04-13
155,C394,1677,pending,2024-04-18
156,C112,9749,cancelled,2024-04-04
157,C721,6216,cancelled,2024-04-27
158,C598,4429,cancelled,2024-04-27
159,C287,5660,pending,2024-04-20
160,C868,3733,pending,2024-04-08
161,C808,9604,pending,2024-04-17
162,C117,3359,delivered,2024-04-13
163,C065,1047,delivered,2024-04-24
164,C209,1286,pending,2024-04-12
165,C521,9504,pending,2024-04-20
166,C257,3089,pending,2024-04-22
167,C602,9158,cancelled,2024-04-17
168,C494,7835,pending,2024-04-11
169,C460,858,pending,2024-04-30
170,C287,5336,delivered,2024-04-01
171,C975,8789,cancelled,2024-04-26
172,C332,5240,pending,2024-04-11
173,C882,2451,delivered,2024-04-17
174,C963,6253,cancelled,2024-04-29
175,C625,5637,cancelled,2024-04-10
176,C373,2255,delivered,2024-04-06
177,C285,8290,pending,2024-04-11
178,C326,7740,delivered,2024-04-03
179,C898,3900,cancelled,2024-04-11
180,C099,798,cancelled,2024-04-17
181,C474,7177,pending,2024-04-27
182,C867,3319,cancelled,2024-04-05
183,C120,9163,delivered,2024-04-08
184,C128,4356,cancelled,2024-04-12
185,C432,4160,delivered,2024-04-09
186,C114,5862,delivered,2024-04-16
187,C200,5586,delivered,2024-04-05
188,C084,6009,cancelled,2024-04-20
189,C790,877,cancelled,2024-04-29
190,C484,5543,delivered,2024-04-29
191,C161,6753,delivered,2024-04-16
192,C927,4572,delivered,2024-04-02
193,C729,7678,cancelled,2024-04-18
194,C377,6529,pending,2024-04-30
195,C297,6285,cancelled,2024-04-16
196,C518,1007,delivered,2024-04-16
197,C779,5263,cancelled,2024-04-19
198,C971,760,delivered,2024-04-10
199,C852,719,pending,2024-04-19
200,C709,5804,pending,2024-04-26
201,C017,3324,cancelled,2024-04-22
202,C335,7673,delivered,2024-04-26
203,C887,6039,cancelled,2024-04-01
204,C811,6321,cancelled,2024-04-14
205,C008,2993,cancelled,2024-04-10
206,C618,6319,delivered,2024-04-06
207,C110,3988,delivered,2024-04-10
208,C450,6967,cancelled,2024-04-04
209,C736,8399,delivered,2024-04-09
210,C056,4049,pending,2024-04-17
211,C626,9942,pending,2024-04-07
212,C907,6217,pending,2024-04-15
213,C838,7753,cancelled,2024-04-15
214,C847,6460,delivered,2024-04-29
215,C559,3887,delivered,2024-04-10
216,C934,8418,delivered,2024-04-21
217,C916,2624,cancelled,2024-04-02
218,C027,3183,delivered,2024-04-05
219,C426,7329,pending,2024-04-28
220,C051,3605,delivered,2024-04-13
221,C215,8441,cancelled,2024-04-05
222,C767,6573,delivered,2024-04-14
223,C422,7589,delivered,2024-04-12
224,C763,5949,pending,2024-04-01
225,C647,3689,cancelled,2024-04-27
226,C112,1327,cancelled,2024-04-05
227,C026,5769,cancelled,2024-04-22
228,C646,5098,cancelled,2024-04-15
229,C719,3530,delivered,2024-04-16
230,C306,5436,delivered,2024-04-16
231,C001,1967,cancelled,2024-04-18
232,C384,2336,delivered,2024-04-18
233,C074,6211,pending,2024-04-28
234,C483,2164,delivered,2024-04-01
235,C694,2971,delivered,2024-04-07
236,C677,9582,cancelled,2024-04-22
237,C935,8565,cancelled,2024-04-22
238,C954,3298,delivered,2024-04-01
239,C376,1478,delivered,2024-04-24
240,C590,1493,pending,2024-04-27
241,C798,7963,pending,2024-04-29
242,C585,5844,pending,2024-04-16
243,C529,7718,cancelled,2024-04-27
244,C680,4205,cancelled,2024-04-19
245,C344,6897,delivered,2024-04-20
246,C727,3192,cancelled,2024-04-01
247,C227,6985,delivered,2024-04-20
248,C108,611,cancelled,2024-04-24
249,C878,7647,pending,2024-04-02
250,C005,7916,pending,2024-04-03
251,C950,3618,pending,2024-04-22
252,C904,1623,cancelled,2024-04-20
253,C855,4882,delivered,2024-04-28
254,C041,6798,delivered,2024-04-26
255,C610,1621,delivered,2024-04-21
256,C371,1296,cancelled,2024-04-05
257,C766,4662,delivered,2024-04-27
258,C953,1146,pending,2024-04-05
259,C468,9054,pending,2024-04-18
260,C932,5396,cancelled,2024-04-19
261,C118,6741,pending,2024-04-01
262,C071,2526,delivered,2024-04-25
263,C213,4111,delivered,2024-04-22
264,C751,6726,cancelled,2024-04-21
265,C756,1676,pending,2024-04-05
266,C796,4638,delivered,2024-04-26
267,C143,1838,cancelled,2024-04-09
268,C948,6075,pending,2024-04-26
269,C830,5929,pending,2024-04-14
270,C889,2857,pending,2024-04-12
271,C620,3180,delivered,2024-04-20
272,C458,8558,delivered,2024-04-26
273,C571,5679,cancelled,2024-04-12
274,C057,5685,delivered,2024-04-01
275,C697,4764,cancelled,2024-04-10
276,C521,2446,delivered,2024-04-05
277,C311,8241,pending,2024-04-23
278,C453,5992,pending,2024-04-14
279,C819,2942,delivered,2024-04-25
280,C117,2286,pending,2024-04-30
281,C502,2645,cancelled,2024-04-12
282,C363,5733,pending,2024-04-03
283,C071,4077,delivered,2024-04-29
284,C203,6719,delivered,2024-04-16
285,C391,5767,cancelled,2024-04-10
286,C057,9704,cancelled,2024-04-20
287,C022,4906,pending,2024-04-27
288,C049,8894,cancelled,2024-04-06
289,C703,6706,cancelled,2024-04-04
290,C379,861,cancelled,2024-04-10
291,C370,6734,delivered,2024-04-16
292,C407,733,delivered,2024-04-20
293,C270,7449,cancelled,2024-04-17
294,C541,760,pending,2024-04-08
295,C441,2296,delivered,2024-04-02
296,C895,5710,delivered,2024-04-21
297,C495,3399,delivered,2024-04-17
298,C382,1105,cancelled,2024-04-29
299,C697,6225,cancelled,2024-04-20
300,C985,8291,cancelled,2024-04-22
301,C915,4235,cancelled,2024-04-05
302,C267,9380,delivered,2024-04-01
303,C150,1592,delivered,2024-04-26
304,C731,8967,pending,2024-04-30
305,C484,8571,pending,2024-04-09
306,C773,9161,delivered,2024-04-14
307,C201,6702,pending,2024-04-01
308,C982,3895,cancelled,2024-04-06
309,C255,9704,pending,2024-04-25
310,C155,7917,pending,2024-04-21
311,C157,6953,cancelled,2024-04-22
312,C212,8339,pending,2024-04-28
313,C295,2479,cancelled,2024-04-28
314,C121,7712,cancelled,2024-04-05
315,C071,2099,pending,2024-04-12
316,C528,9982,cancelled,2024-04-04
317,C040,4471,cancelled,2024-04-23
318,C070,3633,cancelled,2024-04-21
319,C254,871,delivered,2024-04-27
320,C355,6567,cancelled,2024-04-30
321,C257,8065,cancelled,2024-04-29
322,C005,8940,cancelled,2024-04-04
323,C815,2753,cancelled,2024-04-08
324,C914,5730,delivered,2024-04-11
325,C490,9151,pending,2024-04-26
326,C448,2249,cancelled,2024-04-16
327,C241,9666,cancelled,2024-04-26
328,C841,8587,cancelled,2024-04-23
329,C743,4044,delivered,2024-04-20
330,C178,2878,delivered,2024-04-19
331,C829,1059,pending,2024-04-23
332,C397,2525,pending,2024-04-14
333,C584,7794,delivered,2024-04-11
334,C835,8551,cancelled,2024-04-03
335,C661,1558,pending,2024-04-26
336,C692,5495,delivered,2024-04-19
337,C899,6961,delivered,2024-04-12
338,C470,7319,cancelled,2024-04-26
339,C863,4496,delivered,2024-04-14
340,C161,7321,pending,2024-04-27
341,C177,7185,delivered,2024-04-22
342,C745,2989,cancelled,2024-04-01
343,C281,1711,delivered,2024-04-05
344,C953,5754,pending,2024-04-09
345,C805,5635,pending,2024-04-20
346,C154,7761,cancelled,2024-04-21
347,C229,3272,cancelled,2024-04-15
348,C913,9708,cancelled,2024-04-12
349,C178,1881,cancelled,2024-04-19
350,C870,8280,cancelled,2024-04-12
351,C380,1265,cancelled,2024-04-22
352,C525,6256,cancelled,2024-04-05
353,C205,6957,delivered,2024-04-26
354,C162,2300,delivered,2024-04-14
355,C134,2474,cancelled,2024-04-17
356,C694,9208,delivered,2024-04-15
357,C547,9151,pending,2024-04-10
358,C963,7663,pending,2024-04-17
359,C817,5511,pending,2024-04-17
360,C264,8354,cancelled,2024-04-21
361,C630,6863,delivered,2024-04-22
362,C088,7756,cancelled,2024-04-21
363,C485,9875,pending,2024-04-30
364,C148,3617,delivered,2024-04-09
365,C777,2726,delivered,2024-04-23
366,C682,7212,cancelled,2024-04-26
367,C548,6176,cancelled,2024-04-01
368,C475,776,pending,2024-04-27
369,C315,6054,delivered,2024-04-25
370,C781,6383,cancelled,2024-04-08
371,C989,9466,pending,2024-04-07
372,C479,8173,delivered,2024-04-15
373,C405,3579,delivered,2024-04-08
374,C427,3269,cancelled,2024-04-25
375,C569,2602,pending,2024-04-18
376,C767,9195,cancelled,2024-04-17
377,C129,5369,pending,2024-04-04
378,C167,2438,pending,2024-04-06
379,C303,9834,delivered,2024-04-08
380,C827,7513,pending,2024-04-11
381,C850,2658,delivered,2024-04-17
382,C467,8609,cancelled,2024-04-07
383,C454,1198,pending,2024-04-09
384,C456,2345,cancelled,2024-04-15
385,C872,7080,cancelled,2024-04-28
386,C720,2713,pending,2024-04-02
387,C594,3144,pending,2024-04-29
388,C179,1335,cancelled,2024-04-17
389,C245,6800,cancelled,2024-04-22
390,C893,5079,pending,2024-04-08
391,C571,2570,delivered,2024-04-18
392,C272,8202,cancelled,2024-04-07
393,C467,1312,delivered,2024-04-25
394,C871,2343,cancelled,2024-04-04
395,C531,8191,delivered,2024-04-06
396,C016,5481,pending,2024-04-20
397,C802,5924,pending,2024-04-05
398,C653,5288,cancelled,2024-04-23
399,C206,7168,cancelled,2024-04-25
400,C136,813,cancelled,2024-04-06
401,C220,4624,pending,2024-04-13
402,C863,5348,pending,2024-04-12
403,C328,7122,pending,2024-04-20
404,C966,6344,delivered,2024-04-30
405,C328,9035,pending,2024-04-18
406,C600,1970,cancelled,2024-04-10
407,C261,4316,delivered,2024-04-08
408,C699,1527,pending,2024-04-19
409,C316,753,cancelled,2024-04-28
410,C272,9062,delivered,2024-04-16
411,C945,8266,cancelled,2024-04-11
412,C148,9885,cancelled,2024-04-14
413,C984,1064,delivered,2024-04-09
414,C888,3552,pending,2024-04-18
415,C860,6815,delivered,2024-04-22
416,C990,6307,delivered,2024-04-04
417,C592,3517,pending,2024-04-14
418,C860,7139,delivered,2024-04-17
419,C160,4601,delivered,2024-04-23
420,C647,3429,cancelled,2024-04-06
421,C665,9844,delivered,2024-04-03
422,C786,605,delivered,2024-04-11
423,C717,3526,cancelled,2024-04-01
424,C920,4908,delivered,2024-04-02
425,C233,6273,pending,2024-04-24
426,C720,3657,pending,2024-04-20
427,C415,2028,delivered,2024-04-11
428,C141,4372,cancelled,2024-04-18
429,C854,6121,cancelled,2024-04-26
430,C248,831,pending,2024-04-13
431,C974,8260,pending,2024-04-22
432,C107,2286,delivered,2024-04-19
433,C745,6959,pending,2024-04-10
434,C226,3025,cancelled,2024-04-09
435,C258,1550,cancelled,2024-04-16
436,C678,2589,cancelled,2024-04-16
437,C649,5483,delivered,2024-04-01
438,C745,2471,delivered,2024-04-29
439,C514,9052,delivered,2024-04-05
440,C164,6102,pending,2024-04-07
441,C794,7342,cancelled,2024-04-26
442,C876,4673,cancelled,2024-04-18
443,C335,7751,pending,2024-04-06
444,C607,8251,pending,2024-04-30
445,C471,3900,delivered,2024-04-28
446,C196,7958,pending,2024-04-01
447,C506,2255,cancelled,2024-04-20
448,C492,1613,pending,2024-04-18
449,C815,7739,cancelled,2024-04-13
450,C874,1589,pending,2024-04-22
451,C422,9636,delivered,2024-04-25
452,C600,6334,delivered,2024-04-30
453,C189,2126,delivered,2024-04-14
454,C979,3341,delivered,2024-04-13
455,C227,3804,cancelled,2024-04-02
456,C008,7419,delivered,2024-04-20
457,C1000,4383,cancelled,2024-04-07
458,C983,3535,pending,2024-04-05
459,C925,9843,cancelled,2024-04-23
460,C200,9416,pending,2024-04-10
461,C045,1390,cancelled,2024-04-04
462,C250,1507,cancelled,2024-04-16
463,C970,4789,delivered,2024-04-15
464,C989,920,pending,2024-04-16
465,C854,2842,pending,2024-04-30
466,C447,6442,delivered,2024-04-08
467,C242,7750,delivered,2024-04-09
468,C317,5862,cancelled,2024-04-02
469,C776,6344,delivered,2024-04-11
470,C848,9457,cancelled,2024-04-12
471,C668,7457,cancelled,2024-04-03
472,C888,7771,delivered,2024-04-10
473,C214,8794,cancelled,2024-04-29
474,C573,6041,pending,2024-04-30
475,C354,9271,cancelled,2024-04-20
476,C487,9196,delivered,2024-04-23
477,C493,9278,pending,2024-04-16
478,C964,1198,cancelled,2024-04-27
479,C104,4509,pending,2024-04-17
480,C514,1252,delivered,2024-04-21
481,C781,3680,pending,2024-04-27
482,C015,4768,pending,2024-04-08
483,C059,1097,cancelled,2024-04-25
484,C458,7103,delivered,2024-04-15
485,C372,6939,delivered,2024-04-13
486,C318,967,pending,2024-04-28
487,C810,8151,delivered,2024-04-20
488,C417,9559,pending,2024-04-16
489,C130,5851,cancelled,2024-04-11
490,C057,1812,cancelled,2024-04-10
491,C731,5849,delivered,2024-04-10
492,C057,7654,delivered,2024-04-30
493,C445,3493,pending,2024-04-06
494,C076,9531,pending,2024-04-24
495,C206,8172,pending,2024-04-20
496,C029,3875,cancelled,2024-04-12
497,C713,3868,delivered,2024-04-14
498,C934,1634,cancelled,2024-04-27
499,C631,4753,pending,2024-04-25
500,C475,3338,cancelled,2024-04-08
501,C069,2768,pending,2024-04-14
502,C602,2346,delivered,2024-04-17
503,C204,9864,delivered,2024-04-14
504,C427,5856,delivered,2024-04-23
505,C617,4955,delivered,2024-04-23
506,C053,7915,cancelled,2024-04-08
507,C472,6977,pending,2024-04-14
508,C025,1930,pending,2024-04-06
509,C809,7333,cancelled,2024-04-11
510,C771,4559,delivered,2024-04-21
511,C065,1763,pending,2024-04-05
512,C078,1198,delivered,2024-04-19
513,C812,2371,delivered,2024-04-25
514,C213,2286,cancelled,2024-04-07
515,C310,5050,pending,2024-04-02
516,C131,7701,delivered,2024-04-19
517,C185,8283,pending,2024-04-15
518,C502,6444,delivered,2024-04-04
519,C348,6690,pending,2024-04-12
520,C907,5183,pending,2024-04-27
521,C334,6881,cancelled,2024-04-25
522,C947,1122,cancelled,2024-04-06
523,C702,1667,pending,2024-04-14
524,C229,5672,delivered,2024-04-27
525,C708,9373,cancelled,2024-04-22
526,C305,3836,delivered,2024-04-02
527,C753,6295,pending,2024-04-02
528,C793,2265,pending,2024-04-05
529,C591,7523,delivered,2024-04-11
530,C244,2110,pending,2024-04-17
531,C450,2829,delivered,2024-04-22
532,C897,5677,pending,2024-04-06
533,C840,1898,cancelled,2024-04-03
534,C494,8256,pending,2024-04-28
535,C797,6994,pending,2024-04-23
536,C625,2628,pending,2024-04-07
537,C268,855,pending,2024-04-26
538,C651,5758,delivered,2024-04-27
539,C694,2068,cancelled,2024-04-27
540,C332,3840,pending,2024-04-08
541,C845,8715,delivered,2024-04-27
542,C180,7778,delivered,2024-04-27
543,C162,7598,delivered,2024-04-13
544,C175,9823,delivered,2024-04-10
545,C439,7519,delivered,2024-04-03
546,C617,991,delivered,2024-04-11
547,C179,4418,pending,2024-04-19
548,C849,1006,pending,2024-04-04
549,C926,9937,cancelled,2024-04-12
550,C922,5094,cancelled,2024-04-14
551,C232,8896,pending,2024-04-03
552,C224,8910,pending,2024-04-09
553,C680,8869,delivered,2024-04-18
554,C978,6097,pending,2024-04-16
555,C047,6510,pending,2024-04-26
556,C812,4777,pending,2024-04-18
557,C794,2189,delivered,2024-04-21
558,C787,7872,delivered,2024-04-17
559,C587,7745,cancelled,2024-04-29
560,C212,3895,cancelled,2024-04-06
561,C335,7314,cancelled,2024-04-21
562,C052,2160,delivered,2024-04-10
563,C885,4015,pending,2024-04-08
564,C576,1419,cancelled,2024-04-09
565,C610,9530,pending,2024-04-25
566,C200,2424,pending,2024-04-29
567,C264,8343,pending,2024-04-02
568,C179,6965,cancelled,2024-04-08
569,C533,7026,pending,2024-04-22
570,C454,8041,pending,2024-04-13
571,C726,7513,pending,2024-04-20
572,C697,7041,delivered,2024-04-12
573,C091,5255,cancelled,2024-04-22
574,C093,2550,pending,2024-04-12
575,C012,4141,pending,2024-04-18
576,C122,8322,cancelled,2024-04-02
577,C472,8139,delivered,2024-04-21
578,C715,3472,delivered,2024-04-23
579,C107,1092,pending,2024-04-02
580,C976,3021,cancelled,2024-04-23
581,C083,1720,cancelled,2024-04-14
582,C124,1133,cancelled,2024-04-28
583,C783,2805,delivered,2024-04-05
584,C881,3160,delivered,2024-04-29
585,C073,8037,cancelled,2024-04-26
586,C684,5805,pending,2024-04-13
587,C865,636,delivered,2024-04-02
588,C618,1632,pending,2024-04-20
589,C960,3705,delivered,2024-04-29
590,C229,6798,cancelled,2024-04-23
591,C427,6446,cancelled,2024-04-07
592,C889,775,pending,2024-04-21
593,C660,2615,pending,2024-04-20
594,C762,2049,delivered,2024-04-09
595,C326,1688,delivered,2024-04-26
596,C640,6007,delivered,2024-04-09
597,C378,5607,cancelled,2024-04-05
598,C287,2015,cancelled,2024-04-24
599,C110,2050,cancelled,2024-04-09
600,C967,8765,pending,2024-04-13
601,C116,3561,cancelled,2024-04-25
602,C499,2581,cancelled,2024-04-07
603,C628,5725,cancelled,2024-04-18
604,C725,3480,delivered,2024-04-25
605,C172,561,delivered,2024-04-20
606,C376,4325,delivered,2024-04-21
607,C920,2609,delivered,2024-04-20
608,C359,7483,cancelled,2024-04-01
609,C860,3531,pending,2024-04-10
610,C370,3233,delivered,2024-04-01
611,C753,5069,cancelled,2024-04-03
612,C116,7721,delivered,2024-04-14
613,C146,7380,cancelled,2024-04-01
614,C517,4084,delivered,2024-04-08
615,C288,4635,pending,2024-04-02
616,C159,3114,cancelled,2024-04-21
617,C548,2018,pending,2024-04-15
618,C702,4193,delivered,2024-04-10
619,C531,1283,pending,2024-04-12
620,C199,2909,cancelled,2024-04-20
621,C574,5672,pending,2024-04-11
622,C575,9700,cancelled,2024-04-09
623,C772,3976,pending,2024-04-25
624,C056,2741,delivered,2024-04-08
625,C728,5940,cancelled,2024-04-03
626,C938,6672,delivered,2024-04-15
627,C523,8611,delivered,2024-04-14
628,C033,9789,pending,2024-04-12
629,C367,9254,pending,2024-04-20
630,C157,9813,delivered,2024-04-04
631,C747,742,pending,2024-04-06
632,C488,3026,delivered,2024-04-18
633,C208,8726,cancelled,2024-04-18
634,C433,4653,cancelled,2024-04-19
635,C733,9110,pending,2024-04-23
636,C704,2682,pending,2024-04-19
637,C207,9080,delivered,2024-04-08
638,C798,8840,pending,2024-04-16
639,C521,1200,cancelled,2024-04-25
640,C314,5454,cancelled,2024-04-04
641,C751,6422,pending,2024-04-02
642,C277,8687,pending,2024-04-23
643,C891,6902,delivered,2024-04-29
644,C405,1425,delivered,2024-04-15
645,C872,3027,delivered,2024-04-01
646,C584,860,delivered,2024-04-02
647,C663,3751,delivered,2024-04-24
648,C530,2810,cancelled,2024-04-03
649,C264,3132,cancelled,2024-04-26
650,C835,9505,cancelled,2024-04-08
651,C395,3435,pending,2024-04-16
652,C738,8212,pending,2024-04-22
653,C318,2500,cancelled,2024-04-17
654,C281,3837,pending,2024-04-09
655,C963,2438,cancelled,2024-04-01
656,C244,9865,pending,2024-04-17
657,C149,9283,delivered,2024-04-16
658,C636,5226,cancelled,2024-04-16
659,C908,6272,pending,2024-04-15
660,C814,4305,delivered,2024-04-20
661,C654,1534,pending,2024-04-16
662,C578,770,cancelled,2024-04-16
663,C332,5751,pending,2024-04-08
664,C211,825,pending,2024-04-24
665,C759,6068,pending,2024-04-11
666,C682,2522,cancelled,2024-04-11
667,C345,2000,delivered,2024-04-03
668,C860,2928,pending,2024-04-07
669,C091,8876,cancelled,2024-04-28
670,C135,5294,cancelled,2024-04-23
671,C731,6690,pending,2024-04-27
672,C196,543,delivered,2024-04-13
673,C603,6545,delivered,2024-04-20
674,C762,1281,delivered,2024-04-18
675,C288,3155,delivered,2024-04-06
676,C683,581,cancelled,2024-04-11
677,C506,3670,pending,2024-04-01
678,C522,2782,cancelled,2024-04-27
679,C895,1370,delivered,2024-04-07
680,C215,6158,cancelled,2024-04-15
681,C328,5388,cancelled,2024-04-25
682,C153,1565,cancelled,2024-04-04
683,C541,7350,delivered,2024-04-23
684,C376,1173,cancelled,2024-04-02
685,C221,2829,cancelled,2024-04-27
686,C647,5953,cancelled,2024-04-08
687,C935,3452,cancelled,2024-04-11
688,C228,5568,cancelled,2024-04-06
689,C034,8838,pending,2024-04-15
690,C666,2433,pending,2024-04-05
691,C893,9746,cancelled,2024-04-29
692,C888,8681,cancelled,2024-04-03
693,C834,6907,cancelled,2024-04-24
694,C428,8853,pending,2024-04-01
695,C010,6084,pending,2024-04-20
696,C026,1915,pending,2024-04-21
697,C483,4108,pending,2024-04-02
698,C087,1563,cancelled,2024-04-15
699,C288,4706,delivered,2024-04-29
700,C832,8961,delivered,2024-04-26
701,C898,7260,cancelled,2024-04-22
702,C217,6053,cancelled,2024-04-22
703,C791,4718,pending,2024-04-26
704,C510,1370,delivered,2024-04-27
705,C107,6245,delivered,2024-04-03
706,C598,9583,cancelled,2024-04-18
707,C569,8617,delivered,2024-04-30
708,C530,8758,pending,2024-04-17
709,C005,3775,cancelled,2024-04-19
710,C691,7265,pending,2024-04-11
711,C559,6489,delivered,2024-04-24
712,C219,636,delivered,2024-04-02
713,C724,9571,pending,2024-04-15
714,C503,6658,pending,2024-04-28
715,C902,4615,pending,2024-04-02
716,C010,8742,pending,2024-04-28
717,C045,9587,delivered,2024-04-22
718,C579,9958,delivered,2024-04-29
719,C681,5229,cancelled,2024-04-28
720,C144,5666,delivered,2024-04-29
721,C506,3834,delivered,2024-04-09
722,C629,5717,delivered,2024-04-20
723,C580,5563,cancelled,2024-04-04
724,C016,5491,delivered,2024-04-14
725,C007,9167,delivered,2024-04-25
726,C841,5349,pending,2024-04-03
727,C325,4415,cancelled,2024-04-19
728,C316,4292,pending,2024-04-22
729,C488,7134,delivered,2024-04-25
730,C956,894,pending,2024-04-01
731,C008,9748,cancelled,2024-04-14
732,C477,6362,cancelled,2024-04-13
733,C553,6552,delivered,2024-04-01
734,C351,5907,delivered,2024-04-20
735,C472,6937,pending,2024-04-22
736,C998,881,pending,2024-04-03
737,C269,7067,delivered,2024-04-10
738,C712,6638,delivered,2024-04-26
739,C703,6758,pending,2024-04-06
740,C526,4147,cancelled,2024-04-22
741,C615,1688,delivered,2024-04-26
742,C002,5401,delivered,2024-04-03
743,C820,2112,delivered,2024-04-16
744,C649,1580,pending,2024-04-13
745,C080,7326,pending,2024-04-17
746,C946,2709,delivered,2024-04-13
747,C887,8911,pending,2024-04-09
748,C789,3788,delivered,2024-04-07
749,C803,5847,delivered,2024-04-05
750,C261,2771,cancelled,2024-04-24
751,C312,5784,cancelled,2024-04-23
752,C819,6222,cancelled,2024-04-23
753,C618,7166,cancelled,2024-04-22
754,C836,5119,delivered,2024-04-19
755,C441,5315,pending,2024-04-03
756,C325,3794,delivered,2024-04-23
757,C107,7261,delivered,2024-04-29
758,C150,4176,cancelled,2024-04-06
759,C008,8265,pending,2024-04-04
760,C168,2716,delivered,2024-04-22
761,C549,6446,delivered,2024-04-05
762,C180,9393,cancelled,2024-04-19
763,C569,790,pending,2024-04-15
764,C529,5464,pending,2024-04-07
765,C030,2259,cancelled,2024-04-28
766,C179,1823,cancelled,2024-04-12
767,C979,4207,delivered,2024-04-21
768,C388,2659,delivered,2024-04-28
769,C166,2301,pending,2024-04-29
770,C807,8777,cancelled,2024-04-13
771,C213,5613,pending,2024-04-24
772,C845,2162,delivered,2024-04-21
773,C443,2485,delivered,2024-04-05
774,C702,2627,pending,2024-04-04
775,C468,8769,pending,2024-04-04
776,C169,6269,pending,2024-04-08
777,C258,9690,delivered,2024-04-21
778,C905,6240,cancelled,2024-04-30
779,C713,8969,cancelled,2024-04-13
780,C235,3179,cancelled,2024-04-28
781,C610,6973,pending,2024-04-26
782,C106,8486,cancelled,2024-04-21
783,C104,5645,delivered,2024-04-21
784,C1000,8775,delivered,2024-04-30
785,C752,2970,pending,2024-04-13
786,C290,4001,cancelled,2024-04-27
787,C998,2095,cancelled,2024-04-25
788,C780,1218,cancelled,2024-04-11
789,C181,4921,delivered,2024-04-16
790,C171,6065,pending,2024-04-14
791,C911,3205,pending,2024-04-01
792,C232,2261,pending,2024-04-03
793,C201,9842,delivered,2024-04-13
794,C167,6209,delivered,2024-04-23
795,C942,1778,delivered,2024-04-06
796,C056,8622,delivered,2024-04-26
797,C170,9961,delivered,2024-04-16
798,C120,3561,pending,2024-04-21
799,C549,5014,cancelled,2024-04-12
800,C149,7890,pending,2024-04-17
801,C338,3475,delivered,2024-04-29
802,C479,1310,cancelled,2024-04-18
803,C687,990,pending,2024-04-15
804,C635,9695,cancelled,2024-04-02
805,C312,919,pending,2024-04-26
806,C520,1389,cancelled,2024-04-08
807,C701,9470,cancelled,2024-04-26
808,C115,1362,pending,2024-04-08
809,C193,995,cancelled,2024-04-22
810,C161,3044,cancelled,2024-04-02
811,C202,6594,pending,2024-04-21
812,C508,9834,pending,2024-04-21
813,C773,1651,pending,2024-04-25
814,C904,9362,delivered,2024-04-20
815,C354,5186,delivered,2024-04-15
816,C834,4878,pending,2024-04-26
817,C333,8131,delivered,2024-04-21
818,C556,2064,delivered,2024-04-04
819,C834,7303,pending,2024-04-13
820,C484,2164,delivered,2024-04-07
821,C456,2966,pending,2024-04-22
822,C729,5674,pending,2024-04-27
823,C791,1305,pending,2024-04-04
824,C235,4537,cancelled,2024-04-04
825,C559,9578,cancelled,2024-04-27
826,C899,587,pending,2024-04-18
827,C544,6615,pending,2024-04-30
828,C709,7772,cancelled,2024-04-29
829,C813,6936,delivered,2024-04-03
830,C152,5126,cancelled,2024-04-16
831,C416,1494,cancelled,2024-04-05
832,C977,9173,delivered,2024-04-07
833,C646,1240,delivered,2024-04-10
834,C362,7446,cancelled,2024-04-23
835,C014,6731,cancelled,2024-04-26
836,C339,9982,delivered,2024-04-07
837,C856,7792,cancelled,2024-04-05
838,C196,2072,delivered,2024-04-28
839,C376,4351,pending,2024-04-06
840,C952,1541,pending,2024-04-05
841,C560,9732,cancelled,2024-04-15
842,C732,737,cancelled,2024-04-27
843,C962,2102,cancelled,2024-04-25
844,C224,9234,pending,2024-04-21
845,C945,8040,delivered,2024-04-08
846,C054,6938,cancelled,2024-04-08
847,C551,6481,pending,2024-04-06
848,C110,624,cancelled,2024-04-07
849,C447,3741,pending,2024-04-23
850,C956,5314,delivered,2024-04-02
851,C625,2454,cancelled,2024-04-27
852,C075,8483,pending,2024-04-09
853,C596,889,cancelled,2024-04-19
854,C942,6348,pending,2024-04-28
855,C089,5137,delivered,2024-04-05
856,C872,6942,pending,2024-04-20
857,C061,6027,pending,2024-04-29
858,C532,9088,pending,2024-04-29
859,C011,4725,pending,2024-04-29
860,C702,5099,cancelled,2024-04-20
861,C811,8305,delivered,2024-04-12
862,C991,1010,delivered,2024-04-29
863,C037,5301,pending,2024-04-29
864,C952,4604,cancelled,2024-04-22
865,C010,6533,cancelled,2024-04-09
866,C553,3402,delivered,2024-04-27
867,C244,9723,delivered,2024-04-19
868,C955,1895,delivered,2024-04-02
869,C541,3893,pending,2024-04-08
870,C277,6482,cancelled,2024-04-02
871,C535,3568,pending,2024-04-12
872,C796,8162,delivered,2024-04-15
873,C248,9503,delivered,2024-04-20
874,C556,2470,cancelled,2024-04-12
875,C666,6057,pending,2024-04-21
876,C127,1208,cancelled,2024-04-03
877,C523,938,cancelled,2024-04-07
878,C393,5394,delivered,2024-04-09
879,C478,3857,cancelled,2024-04-09
880,C528,1812,cancelled,2024-04-20
881,C402,3181,cancelled,2024-04-20
882,C274,6534,cancelled,2024-04-07
883,C536,1781,cancelled,2024-04-24
884,C735,6354,cancelled,2024-04-13
885,C348,713,delivered,2024-04-14
886,C408,8189,delivered,2024-04-13
887,C861,9026,pending,2024-04-03
888,C887,2443,pending,2024-04-26
889,C694,8696,delivered,2024-04-20
890,C561,9606,delivered,2024-04-26
891,C627,9411,delivered,2024-04-19
892,C461,5334,delivered,2024-04-01
893,C518,5224,cancelled,2024-04-01
894,C979,5356,pending,2024-04-13
895,C597,3894,pending,2024-04-02
896,C049,6216,pending,2024-04-05
897,C386,5301,cancelled,2024-04-04
898,C657,4454,pending,2024-04-07
899,C851,2715,pending,2024-04-14
900,C629,3764,delivered,2024-04-08
901,C541,2208,delivered,2024-04-01
902,C551,1531,delivered,2024-04-01
903,C966,2837,cancelled,2024-04-17
904,C162,8736,cancelled,2024-04-18
905,C947,6523,delivered,2024-04-02
906,C501,8966,pending,2024-04-26
907,C794,8866,pending,2024-04-14
908,C763,8386,pending,2024-04-01
909,C297,2169,delivered,2024-04-07
910,C907,8660,pending,2024-04-23
911,C505,6243,cancelled,2024-04-01
912,C221,8853,cancelled,2024-04-10
913,C852,4230,pending,2024-04-14
914,C571,4058,pending,2024-04-13
915,C084,2143,cancelled,2024-04-26
916,C756,1710,delivered,2024-04-25
917,C551,2025,pending,2024-04-19
918,C758,642,cancelled,2024-04-13
919,C670,7761,cancelled,2024-04-22
920,C979,3904,cancelled,2024-04-15
921,C437,5020,delivered,2024-04-05
922,C452,670,delivered,2024-04-25
923,C019,8968,cancelled,2024-04-06
924,C329,4682,pending,2024-04-15
925,C366,1939,pending,2024-04-24
926,C647,8538,delivered,2024-04-01
927,C712,558,delivered,2024-04-07
928,C443,5944,delivered,2024-04-11
929,C453,7063,pending,2024-04-08
930,C666,4205,pending,2024-04-16
931,C221,4437,delivered,2024-04-01
932,C330,5053,pending,2024-04-09
933,C178,3847,delivered,2024-04-09
934,C659,4658,delivered,2024-04-24
935,C446,5476,delivered,2024-04-05
936,C748,8053,delivered,2024-04-06
937,C039,3716,cancelled,2024-04-02
938,C575,8161,pending,2024-04-06
939,C371,3113,delivered,2024-04-17
940,C498,8791,cancelled,2024-04-01
941,C143,6054,cancelled,2024-04-28
942,C620,6793,delivered,2024-04-15
943,C877,4529,delivered,2024-04-24
944,C421,3766,delivered,2024-04-21
945,C528,6045,pending,2024-04-08
946,C938,4676,pending,2024-04-07
947,C154,3512,cancelled,2024-04-25
948,C722,9904,cancelled,2024-04-02
949,C780,1999,delivered,2024-04-21
950,C461,2571,pending,2024-04-22
951,C802,6968,cancelled,2024-04-24
952,C706,1000,pending,2024-04-24
953,C447,6060,pending,2024-04-01
954,C014,6106,cancelled,2024-04-28
955,C488,2661,pending,2024-04-24
956,C796,7472,delivered,2024-04-23
957,C626,4009,pending,2024-04-23
958,C807,8546,cancelled,2024-04-29
959,C246,2787,pending,2024-04-02
960,C573,7007,pending,2024-04-06
961,C400,6149,delivered,2024-04-24
962,C589,8168,cancelled,2024-04-16
963,C502,4961,pending,2024-04-22
964,C935,834,pending,2024-04-18
965,C540,9517,cancelled,2024-04-11
966,C012,8424,cancelled,2024-04-08
967,C170,4262,cancelled,2024-04-18
968,C436,3845,pending,2024-04-10
969,C873,7512,delivered,2024-04-18
970,C770,1904,pending,2024-04-13
971,C716,6695,cancelled,2024-04-15
972,C067,8744,delivered,2024-04-12
973,C671,8798,delivered,2024-04-22
974,C077,6883,cancelled,2024-04-23
975,C023,5805,pending,2024-04-02
976,C160,9819,delivered,2024-04-29
977,C213,2661,cancelled,2024-04-16
978,C023,6146,pending,2024-04-16
979,C590,7081,pending,2024-04-18
980,C474,6403,cancelled,2024-04-02
981,C280,5218,delivered,2024-04-27
982,C094,5457,delivered,2024-04-18
983,C980,6849,delivered,2024-04-04
984,C736,6548,cancelled,2024-04-15
985,C621,1187,cancelled,2024-04-21
986,C333,5880,pending,2024-04-26
987,C848,4488,cancelled,2024-04-26
988,C375,4205,pending,2024-04-20
989,C137,7583,delivered,2024-04-25
990,C559,682,cancelled,2024-04-16
991,C232,9578,delivered,2024-04-28
992,C337,10000,delivered,2024-04-21
993,C718,8206,cancelled,2024-04-25
994,C674,9499,cancelled,2024-04-04
995,C557,6028,pending,2024-04-19
996,C634,2231,cancelled,2024-04-16
997,C345,2629,cancelled,2024-04-10
998,C080,7743,pending,2024-04-09
999,C016,8819,pending,2024-04-26
1000,C718,5239,delivered,2024-04-16
